                                      1 ;--------------------------------------------------------
                                      2 ; File Created by SDCC : free open source ISO C Compiler
                                      3 ; Version 4.5.1 #15267 (MINGW64)
                                      4 ;--------------------------------------------------------
                                      5 	.module FlyShip
                                      6 	
                                      7 ;--------------------------------------------------------
                                      8 ; Public variables in this module
                                      9 ;--------------------------------------------------------
                                     10 	.globl _main
                                     11 	.globl _set_score
                                     12 	.globl _check_score
                                     13 	.globl _initGame
                                     14 	.globl _draw_stars
                                     15 	.globl _draw_title_screen
                                     16 	.globl _clock
                                     17 	.globl _rand
                                     18 	.globl _initrand
                                     19 	.globl _font_set
                                     20 	.globl _font_load
                                     21 	.globl _font_init
                                     22 	.globl _cgb_compatibility
                                     23 	.globl _cpu_fast
                                     24 	.globl _set_sprite_palette
                                     25 	.globl _set_bkg_palette
                                     26 	.globl _set_sprite_data
                                     27 	.globl _set_win_tiles
                                     28 	.globl _set_bkg_tiles
                                     29 	.globl _set_bkg_data
                                     30 	.globl _wait_vbl_done
                                     31 	.globl _joypad_init
                                     32 	.globl _waitpadup
                                     33 	.globl _waitpad
                                     34 	.globl _joypad
                                     35 	.globl _SCORE_TILE
                                     36 	.globl _SCORE
                                     37 	.globl _PLAYER_X
                                     38 	.globl _stars
                                     39 	.globl _Sprites
                                     40 	.globl _PLAYER
                                     41 	.globl _PLAYER_SHOT
                                     42 	.globl _ENEMY
                                     43 	.globl _joypad_t_val
                                     44 	.globl _had_Shot
                                     45 	.globl _FIRE_TIMER
                                     46 	.globl _FIRE_INDEX
                                     47 	.globl _STAR3_TIMER
                                     48 	.globl _STAR2_TIMER
                                     49 	.globl _STAR1_TIMER
                                     50 	.globl _STAR3_INDEX
                                     51 	.globl _STAR2_INDEX
                                     52 	.globl _STAR1_INDEX
                                     53 	.globl _temp4
                                     54 	.globl _temp3
                                     55 	.globl _temp2
                                     56 	.globl _temp1
                                     57 	.globl _temp0
                                     58 	.globl _cgb_enable
                                     59 	.globl _enemy_spwaned
                                     60 	.globl _state
                                     61 	.globl _rand_num
                                     62 	.globl _title_map
                                     63 	.globl _title_data
                                     64 	.globl _title_pal
                                     65 	.globl _star3
                                     66 	.globl _star2
                                     67 	.globl _star1
                                     68 	.globl _t4
                                     69 	.globl _t3
                                     70 	.globl _t2
                                     71 	.globl _t1
                                     72 	.globl _pause
                                     73 	.globl _gameOver
                                     74 	.globl _score_tiles
                                     75 	.globl _empty0
                                     76 	.globl _empty
                                     77 	.globl _backGround
                                     78 	.globl _BGs
                                     79 	.globl _star_pal
                                     80 	.globl _sprite1_pal
                                     81 	.globl _sprite0_pal
                                     82 ;--------------------------------------------------------
                                     83 ; special function registers
                                     84 ;--------------------------------------------------------
                                     85 ;--------------------------------------------------------
                                     86 ; ram data
                                     87 ;--------------------------------------------------------
                                     88 	.area _DATA
    00000000                         89 _rand_num::
    00000000                         90 	.ds 1
    00000001                         91 _state::
    00000001                         92 	.ds 1
    00000002                         93 _enemy_spwaned::
    00000002                         94 	.ds 1
    00000003                         95 _cgb_enable::
    00000003                         96 	.ds 1
    00000004                         97 _temp0::
    00000004                         98 	.ds 1
    00000005                         99 _temp1::
    00000005                        100 	.ds 1
    00000006                        101 _temp2::
    00000006                        102 	.ds 1
    00000007                        103 _temp3::
    00000007                        104 	.ds 1
    00000008                        105 _temp4::
    00000008                        106 	.ds 1
    00000009                        107 _STAR1_INDEX::
    00000009                        108 	.ds 1
    0000000A                        109 _STAR2_INDEX::
    0000000A                        110 	.ds 1
    0000000B                        111 _STAR3_INDEX::
    0000000B                        112 	.ds 1
    0000000C                        113 _STAR1_TIMER::
    0000000C                        114 	.ds 1
    0000000D                        115 _STAR2_TIMER::
    0000000D                        116 	.ds 1
    0000000E                        117 _STAR3_TIMER::
    0000000E                        118 	.ds 1
    0000000F                        119 _FIRE_INDEX::
    0000000F                        120 	.ds 1
    00000010                        121 _FIRE_TIMER::
    00000010                        122 	.ds 1
    00000011                        123 _had_Shot::
    00000011                        124 	.ds 1
    00000012                        125 _joypad_t_val::
    00000012                        126 	.ds 5
    00000017                        127 _ENEMY::
    00000017                        128 	.ds 4
    0000001B                        129 _PLAYER_SHOT::
    0000001B                        130 	.ds 4
    0000001F                        131 _PLAYER::
    0000001F                        132 	.ds 4
                                    133 ;--------------------------------------------------------
                                    134 ; ram data
                                    135 ;--------------------------------------------------------
                                    136 	.area _INITIALIZED
    00000000                        137 _Sprites::
    00000000                        138 	.ds 288
    00000120                        139 _stars::
    00000120                        140 	.ds 6
    00000126                        141 _PLAYER_X::
    00000126                        142 	.ds 1
    00000127                        143 _SCORE::
    00000127                        144 	.ds 5
    0000012C                        145 _SCORE_TILE::
    0000012C                        146 	.ds 5
                                    147 ;--------------------------------------------------------
                                    148 ; absolute external ram data
                                    149 ;--------------------------------------------------------
                                    150 	.area _DABS (ABS)
                                    151 ;--------------------------------------------------------
                                    152 ; global & static initialisations
                                    153 ;--------------------------------------------------------
                                    154 	.area _HOME
                                    155 	.area _GSINIT
                                    156 	.area _GSFINAL
                                    157 	.area _GSINIT
                                    158 ;--------------------------------------------------------
                                    159 ; Home
                                    160 ;--------------------------------------------------------
                                    161 	.area _HOME
                                    162 	.area _HOME
                                    163 ;--------------------------------------------------------
                                    164 ; code
                                    165 ;--------------------------------------------------------
                                    166 	.area _CODE
                                    167 ;FlyShip.c:48: void draw_title_screen(void)
                                    168 ;	---------------------------------
                                    169 ; Function draw_title_screen
                                    170 ; ---------------------------------
    00000000                        171 _draw_title_screen::
                                    172 ;g:\gbdk\include\gb\gb.h:1461: SCX_REG=x, SCY_REG=y;
    00000000 AF               [ 4]  173 	xor	a, a
    00000001 E0r00            [12]  174 	ldh	(_SCX_REG + 0), a
    00000003 AF               [ 4]  175 	xor	a, a
    00000004 E0r00            [12]  176 	ldh	(_SCY_REG + 0), a
                                    177 ;FlyShip.c:51: for (temp1 = 0; temp1 < 40; ++temp1)
    00000006 AF               [ 4]  178 	xor	a, a
    00000007 EAr05r00         [16]  179 	ld	(#_temp1),a
    0000000A                        180 00105$:
                                    181 ;FlyShip.c:52: move_sprite(temp1, 0, 0);
    0000000A FAr05r00         [16]  182 	ld	a, (_temp1)
    0000000D 4F               [ 4]  183 	ld	c, a
                                    184 ;g:\gbdk\include\gb\gb.h:1973: OAM_item_t * itm = &shadow_OAM[nb];
    0000000E AF               [ 4]  185 	xor	a, a
    0000000F 69               [ 4]  186 	ld	l, c
    00000010 67               [ 4]  187 	ld	h, a
    00000011 29               [ 8]  188 	add	hl, hl
    00000012 29               [ 8]  189 	add	hl, hl
    00000013 11r00r00         [12]  190 	ld	de, #_shadow_OAM
    00000016 19               [ 8]  191 	add	hl, de
                                    192 ;g:\gbdk\include\gb\gb.h:1974: itm->y=y, itm->x=x;
    00000017 AF               [ 4]  193 	xor	a, a
    00000018 22               [ 8]  194 	ld	(hl+), a
    00000019 77               [ 8]  195 	ld	(hl), a
                                    196 ;FlyShip.c:51: for (temp1 = 0; temp1 < 40; ++temp1)
    0000001A 21r05r00         [12]  197 	ld	hl, #_temp1
    0000001D 34               [12]  198 	inc	(hl)
    0000001E 7E               [ 8]  199 	ld	a, (hl)
    0000001F D6 28            [ 8]  200 	sub	a, #0x28
    00000021 38 E7            [12]  201 	jr	C, 00105$
                                    202 ;g:\gbdk\include\gb\gb.h:1461: SCX_REG=x, SCY_REG=y;
    00000023 AF               [ 4]  203 	xor	a, a
    00000024 E0r00            [12]  204 	ldh	(_SCX_REG + 0), a
    00000026 AF               [ 4]  205 	xor	a, a
    00000027 E0r00            [12]  206 	ldh	(_SCY_REG + 0), a
                                    207 ;FlyShip.c:54: set_bkg_data(37, 136, title_data);
    00000029 11rE8r02         [12]  208 	ld	de, #_title_data
    0000002C D5               [16]  209 	push	de
    0000002D 21 25 88         [12]  210 	ld	hl, #0x8825
    00000030 E5               [16]  211 	push	hl
    00000031 CDr00r00         [24]  212 	call	_set_bkg_data
    00000034 E8 04            [16]  213 	add	sp, #4
                                    214 ;FlyShip.c:55: set_bkg_tiles(0, 0, 20, 1, empty);
    00000036 01r1Cr02         [12]  215 	ld	bc, #_empty
    00000039 C5               [16]  216 	push	bc
    0000003A 21 14 01         [12]  217 	ld	hl, #0x114
    0000003D E5               [16]  218 	push	hl
    0000003E AF               [ 4]  219 	xor	a, a
    0000003F 0F               [ 4]  220 	rrca
    00000040 F5               [16]  221 	push	af
    00000041 CDr00r00         [24]  222 	call	_set_bkg_tiles
    00000044 E8 06            [16]  223 	add	sp, #6
                                    224 ;FlyShip.c:56: set_bkg_tiles(0, 1, 20, 18, title_map);
    00000046 11r68r0B         [12]  225 	ld	de, #_title_map
    00000049 D5               [16]  226 	push	de
    0000004A 21 14 12         [12]  227 	ld	hl, #0x1214
    0000004D E5               [16]  228 	push	hl
    0000004E AF               [ 4]  229 	xor	a, a
    0000004F 3C               [ 4]  230 	inc	a
    00000050 F5               [16]  231 	push	af
    00000051 CDr00r00         [24]  232 	call	_set_bkg_tiles
    00000054 E8 06            [16]  233 	add	sp, #6
                                    234 ;FlyShip.c:57: set_win_tiles(0, 0, 20, 1, empty);
    00000056 C5               [16]  235 	push	bc
    00000057 21 14 01         [12]  236 	ld	hl, #0x114
    0000005A E5               [16]  237 	push	hl
    0000005B AF               [ 4]  238 	xor	a, a
    0000005C 0F               [ 4]  239 	rrca
    0000005D F5               [16]  240 	push	af
    0000005E CDr00r00         [24]  241 	call	_set_win_tiles
    00000061 E8 06            [16]  242 	add	sp, #6
                                    243 ;FlyShip.c:58: }
    00000063 C9               [16]  244 	ret
    00000064                        245 _sprite0_pal:
    00000064 FF 7F                  246 	.dw #0x7fff
    00000066 88 0C                  247 	.dw #0x0c88
    00000068 0E 00                  248 	.dw #0x000e
    0000006A 00 00                  249 	.dw #0x0000
    0000006C                        250 _sprite1_pal:
    0000006C FF 7F                  251 	.dw #0x7fff
    0000006E A0 7C                  252 	.dw #0x7ca0
    00000070 A0 5C                  253 	.dw #0x5ca0
    00000072 00 00                  254 	.dw #0x0000
    00000074                        255 _star_pal:
    00000074 FF 6B                  256 	.dw #0x6bff
    00000076 0F 2A                  257 	.dw #0x2a0f
    00000078 00 40                  258 	.dw #0x4000
    0000007A 00 00                  259 	.dw #0x0000
    0000007C                        260 _BGs:
    0000007C 00                     261 	.db #0x00	; 0
    0000007D FF                     262 	.db #0xff	; 255
    0000007E 00                     263 	.db #0x00	; 0
    0000007F FF                     264 	.db #0xff	; 255
    00000080 00                     265 	.db #0x00	; 0
    00000081 FF                     266 	.db #0xff	; 255
    00000082 00                     267 	.db #0x00	; 0
    00000083 FF                     268 	.db #0xff	; 255
    00000084 00                     269 	.db #0x00	; 0
    00000085 FF                     270 	.db #0xff	; 255
    00000086 00                     271 	.db #0x00	; 0
    00000087 FF                     272 	.db #0xff	; 255
    00000088 00                     273 	.db #0x00	; 0
    00000089 FF                     274 	.db #0xff	; 255
    0000008A 00                     275 	.db #0x00	; 0
    0000008B FF                     276 	.db #0xff	; 255
    0000008C                        277 _backGround:
    0000008C 25                     278 	.db #0x25	; 37
    0000008D 25                     279 	.db #0x25	; 37
    0000008E 25                     280 	.db #0x25	; 37
    0000008F 25                     281 	.db #0x25	; 37
    00000090 25                     282 	.db #0x25	; 37
    00000091 25                     283 	.db #0x25	; 37
    00000092 25                     284 	.db #0x25	; 37
    00000093 25                     285 	.db #0x25	; 37
    00000094 25                     286 	.db #0x25	; 37
    00000095 25                     287 	.db #0x25	; 37
    00000096 25                     288 	.db #0x25	; 37
    00000097 25                     289 	.db #0x25	; 37
    00000098 25                     290 	.db #0x25	; 37
    00000099 25                     291 	.db #0x25	; 37
    0000009A 25                     292 	.db #0x25	; 37
    0000009B 25                     293 	.db #0x25	; 37
    0000009C 25                     294 	.db #0x25	; 37
    0000009D 25                     295 	.db #0x25	; 37
    0000009E 25                     296 	.db #0x25	; 37
    0000009F 25                     297 	.db #0x25	; 37
    000000A0 25                     298 	.db #0x25	; 37
    000000A1 26                     299 	.db #0x26	; 38
    000000A2 25                     300 	.db #0x25	; 37
    000000A3 25                     301 	.db #0x25	; 37
    000000A4 25                     302 	.db #0x25	; 37
    000000A5 25                     303 	.db #0x25	; 37
    000000A6 25                     304 	.db #0x25	; 37
    000000A7 25                     305 	.db #0x25	; 37
    000000A8 25                     306 	.db #0x25	; 37
    000000A9 25                     307 	.db #0x25	; 37
    000000AA 25                     308 	.db #0x25	; 37
    000000AB 25                     309 	.db #0x25	; 37
    000000AC 25                     310 	.db #0x25	; 37
    000000AD 25                     311 	.db #0x25	; 37
    000000AE 25                     312 	.db #0x25	; 37
    000000AF 25                     313 	.db #0x25	; 37
    000000B0 25                     314 	.db #0x25	; 37
    000000B1 25                     315 	.db #0x25	; 37
    000000B2 28                     316 	.db #0x28	; 40
    000000B3 25                     317 	.db #0x25	; 37
    000000B4 25                     318 	.db #0x25	; 37
    000000B5 25                     319 	.db #0x25	; 37
    000000B6 25                     320 	.db #0x25	; 37
    000000B7 25                     321 	.db #0x25	; 37
    000000B8 25                     322 	.db #0x25	; 37
    000000B9 25                     323 	.db #0x25	; 37
    000000BA 28                     324 	.db #0x28	; 40
    000000BB 25                     325 	.db #0x25	; 37
    000000BC 25                     326 	.db #0x25	; 37
    000000BD 25                     327 	.db #0x25	; 37
    000000BE 25                     328 	.db #0x25	; 37
    000000BF 26                     329 	.db #0x26	; 38
    000000C0 25                     330 	.db #0x25	; 37
    000000C1 25                     331 	.db #0x25	; 37
    000000C2 25                     332 	.db #0x25	; 37
    000000C3 25                     333 	.db #0x25	; 37
    000000C4 25                     334 	.db #0x25	; 37
    000000C5 25                     335 	.db #0x25	; 37
    000000C6 25                     336 	.db #0x25	; 37
    000000C7 25                     337 	.db #0x25	; 37
    000000C8 25                     338 	.db #0x25	; 37
    000000C9 25                     339 	.db #0x25	; 37
    000000CA 25                     340 	.db #0x25	; 37
    000000CB 25                     341 	.db #0x25	; 37
    000000CC 25                     342 	.db #0x25	; 37
    000000CD 25                     343 	.db #0x25	; 37
    000000CE 25                     344 	.db #0x25	; 37
    000000CF 25                     345 	.db #0x25	; 37
    000000D0 25                     346 	.db #0x25	; 37
    000000D1 25                     347 	.db #0x25	; 37
    000000D2 25                     348 	.db #0x25	; 37
    000000D3 25                     349 	.db #0x25	; 37
    000000D4 25                     350 	.db #0x25	; 37
    000000D5 25                     351 	.db #0x25	; 37
    000000D6 25                     352 	.db #0x25	; 37
    000000D7 25                     353 	.db #0x25	; 37
    000000D8 25                     354 	.db #0x25	; 37
    000000D9 25                     355 	.db #0x25	; 37
    000000DA 25                     356 	.db #0x25	; 37
    000000DB 25                     357 	.db #0x25	; 37
    000000DC 25                     358 	.db #0x25	; 37
    000000DD 25                     359 	.db #0x25	; 37
    000000DE 25                     360 	.db #0x25	; 37
    000000DF 25                     361 	.db #0x25	; 37
    000000E0 25                     362 	.db #0x25	; 37
    000000E1 25                     363 	.db #0x25	; 37
    000000E2 25                     364 	.db #0x25	; 37
    000000E3 25                     365 	.db #0x25	; 37
    000000E4 25                     366 	.db #0x25	; 37
    000000E5 25                     367 	.db #0x25	; 37
    000000E6 25                     368 	.db #0x25	; 37
    000000E7 25                     369 	.db #0x25	; 37
    000000E8 25                     370 	.db #0x25	; 37
    000000E9 25                     371 	.db #0x25	; 37
    000000EA 25                     372 	.db #0x25	; 37
    000000EB 25                     373 	.db #0x25	; 37
    000000EC 25                     374 	.db #0x25	; 37
    000000ED 25                     375 	.db #0x25	; 37
    000000EE 25                     376 	.db #0x25	; 37
    000000EF 25                     377 	.db #0x25	; 37
    000000F0 25                     378 	.db #0x25	; 37
    000000F1 25                     379 	.db #0x25	; 37
    000000F2 25                     380 	.db #0x25	; 37
    000000F3 25                     381 	.db #0x25	; 37
    000000F4 25                     382 	.db #0x25	; 37
    000000F5 27                     383 	.db #0x27	; 39
    000000F6 25                     384 	.db #0x25	; 37
    000000F7 25                     385 	.db #0x25	; 37
    000000F8 25                     386 	.db #0x25	; 37
    000000F9 25                     387 	.db #0x25	; 37
    000000FA 25                     388 	.db #0x25	; 37
    000000FB 25                     389 	.db #0x25	; 37
    000000FC 25                     390 	.db #0x25	; 37
    000000FD 25                     391 	.db #0x25	; 37
    000000FE 25                     392 	.db #0x25	; 37
    000000FF 25                     393 	.db #0x25	; 37
    00000100 25                     394 	.db #0x25	; 37
    00000101 25                     395 	.db #0x25	; 37
    00000102 25                     396 	.db #0x25	; 37
    00000103 25                     397 	.db #0x25	; 37
    00000104 25                     398 	.db #0x25	; 37
    00000105 25                     399 	.db #0x25	; 37
    00000106 26                     400 	.db #0x26	; 38
    00000107 25                     401 	.db #0x25	; 37
    00000108 25                     402 	.db #0x25	; 37
    00000109 25                     403 	.db #0x25	; 37
    0000010A 25                     404 	.db #0x25	; 37
    0000010B 25                     405 	.db #0x25	; 37
    0000010C 25                     406 	.db #0x25	; 37
    0000010D 25                     407 	.db #0x25	; 37
    0000010E 26                     408 	.db #0x26	; 38
    0000010F 25                     409 	.db #0x25	; 37
    00000110 25                     410 	.db #0x25	; 37
    00000111 25                     411 	.db #0x25	; 37
    00000112 27                     412 	.db #0x27	; 39
    00000113 25                     413 	.db #0x25	; 37
    00000114 25                     414 	.db #0x25	; 37
    00000115 25                     415 	.db #0x25	; 37
    00000116 25                     416 	.db #0x25	; 37
    00000117 25                     417 	.db #0x25	; 37
    00000118 25                     418 	.db #0x25	; 37
    00000119 25                     419 	.db #0x25	; 37
    0000011A 25                     420 	.db #0x25	; 37
    0000011B 25                     421 	.db #0x25	; 37
    0000011C 25                     422 	.db #0x25	; 37
    0000011D 25                     423 	.db #0x25	; 37
    0000011E 25                     424 	.db #0x25	; 37
    0000011F 25                     425 	.db #0x25	; 37
    00000120 25                     426 	.db #0x25	; 37
    00000121 25                     427 	.db #0x25	; 37
    00000122 25                     428 	.db #0x25	; 37
    00000123 25                     429 	.db #0x25	; 37
    00000124 25                     430 	.db #0x25	; 37
    00000125 25                     431 	.db #0x25	; 37
    00000126 25                     432 	.db #0x25	; 37
    00000127 25                     433 	.db #0x25	; 37
    00000128 25                     434 	.db #0x25	; 37
    00000129 25                     435 	.db #0x25	; 37
    0000012A 25                     436 	.db #0x25	; 37
    0000012B 25                     437 	.db #0x25	; 37
    0000012C 25                     438 	.db #0x25	; 37
    0000012D 25                     439 	.db #0x25	; 37
    0000012E 25                     440 	.db #0x25	; 37
    0000012F 25                     441 	.db #0x25	; 37
    00000130 25                     442 	.db #0x25	; 37
    00000131 25                     443 	.db #0x25	; 37
    00000132 25                     444 	.db #0x25	; 37
    00000133 25                     445 	.db #0x25	; 37
    00000134 25                     446 	.db #0x25	; 37
    00000135 25                     447 	.db #0x25	; 37
    00000136 25                     448 	.db #0x25	; 37
    00000137 25                     449 	.db #0x25	; 37
    00000138 25                     450 	.db #0x25	; 37
    00000139 25                     451 	.db #0x25	; 37
    0000013A 25                     452 	.db #0x25	; 37
    0000013B 25                     453 	.db #0x25	; 37
    0000013C 25                     454 	.db #0x25	; 37
    0000013D 25                     455 	.db #0x25	; 37
    0000013E 25                     456 	.db #0x25	; 37
    0000013F 25                     457 	.db #0x25	; 37
    00000140 25                     458 	.db #0x25	; 37
    00000141 25                     459 	.db #0x25	; 37
    00000142 28                     460 	.db #0x28	; 40
    00000143 25                     461 	.db #0x25	; 37
    00000144 25                     462 	.db #0x25	; 37
    00000145 26                     463 	.db #0x26	; 38
    00000146 25                     464 	.db #0x25	; 37
    00000147 25                     465 	.db #0x25	; 37
    00000148 25                     466 	.db #0x25	; 37
    00000149 25                     467 	.db #0x25	; 37
    0000014A 25                     468 	.db #0x25	; 37
    0000014B 25                     469 	.db #0x25	; 37
    0000014C 25                     470 	.db #0x25	; 37
    0000014D 25                     471 	.db #0x25	; 37
    0000014E 27                     472 	.db #0x27	; 39
    0000014F 25                     473 	.db #0x25	; 37
    00000150 25                     474 	.db #0x25	; 37
    00000151 25                     475 	.db #0x25	; 37
    00000152 25                     476 	.db #0x25	; 37
    00000153 25                     477 	.db #0x25	; 37
    00000154 25                     478 	.db #0x25	; 37
    00000155 25                     479 	.db #0x25	; 37
    00000156 25                     480 	.db #0x25	; 37
    00000157 25                     481 	.db #0x25	; 37
    00000158 25                     482 	.db #0x25	; 37
    00000159 25                     483 	.db #0x25	; 37
    0000015A 25                     484 	.db #0x25	; 37
    0000015B 25                     485 	.db #0x25	; 37
    0000015C 25                     486 	.db #0x25	; 37
    0000015D 27                     487 	.db #0x27	; 39
    0000015E 25                     488 	.db #0x25	; 37
    0000015F 28                     489 	.db #0x28	; 40
    00000160 25                     490 	.db #0x25	; 37
    00000161 25                     491 	.db #0x25	; 37
    00000162 25                     492 	.db #0x25	; 37
    00000163 25                     493 	.db #0x25	; 37
    00000164 25                     494 	.db #0x25	; 37
    00000165 25                     495 	.db #0x25	; 37
    00000166 26                     496 	.db #0x26	; 38
    00000167 25                     497 	.db #0x25	; 37
    00000168 25                     498 	.db #0x25	; 37
    00000169 25                     499 	.db #0x25	; 37
    0000016A 25                     500 	.db #0x25	; 37
    0000016B 25                     501 	.db #0x25	; 37
    0000016C 25                     502 	.db #0x25	; 37
    0000016D 25                     503 	.db #0x25	; 37
    0000016E 25                     504 	.db #0x25	; 37
    0000016F 25                     505 	.db #0x25	; 37
    00000170 25                     506 	.db #0x25	; 37
    00000171 25                     507 	.db #0x25	; 37
    00000172 25                     508 	.db #0x25	; 37
    00000173 25                     509 	.db #0x25	; 37
    00000174 25                     510 	.db #0x25	; 37
    00000175 25                     511 	.db #0x25	; 37
    00000176 25                     512 	.db #0x25	; 37
    00000177 25                     513 	.db #0x25	; 37
    00000178 25                     514 	.db #0x25	; 37
    00000179 25                     515 	.db #0x25	; 37
    0000017A 25                     516 	.db #0x25	; 37
    0000017B 25                     517 	.db #0x25	; 37
    0000017C 25                     518 	.db #0x25	; 37
    0000017D 25                     519 	.db #0x25	; 37
    0000017E 25                     520 	.db #0x25	; 37
    0000017F 25                     521 	.db #0x25	; 37
    00000180 28                     522 	.db #0x28	; 40
    00000181 25                     523 	.db #0x25	; 37
    00000182 25                     524 	.db #0x25	; 37
    00000183 25                     525 	.db #0x25	; 37
    00000184 25                     526 	.db #0x25	; 37
    00000185 25                     527 	.db #0x25	; 37
    00000186 25                     528 	.db #0x25	; 37
    00000187 25                     529 	.db #0x25	; 37
    00000188 25                     530 	.db #0x25	; 37
    00000189 25                     531 	.db #0x25	; 37
    0000018A 25                     532 	.db #0x25	; 37
    0000018B 25                     533 	.db #0x25	; 37
    0000018C 25                     534 	.db #0x25	; 37
    0000018D 25                     535 	.db #0x25	; 37
    0000018E 25                     536 	.db #0x25	; 37
    0000018F 25                     537 	.db #0x25	; 37
    00000190 25                     538 	.db #0x25	; 37
    00000191 25                     539 	.db #0x25	; 37
    00000192 25                     540 	.db #0x25	; 37
    00000193 25                     541 	.db #0x25	; 37
    00000194 25                     542 	.db #0x25	; 37
    00000195 25                     543 	.db #0x25	; 37
    00000196 25                     544 	.db #0x25	; 37
    00000197 25                     545 	.db #0x25	; 37
    00000198 25                     546 	.db #0x25	; 37
    00000199 25                     547 	.db #0x25	; 37
    0000019A 25                     548 	.db #0x25	; 37
    0000019B 25                     549 	.db #0x25	; 37
    0000019C 25                     550 	.db #0x25	; 37
    0000019D 25                     551 	.db #0x25	; 37
    0000019E 25                     552 	.db #0x25	; 37
    0000019F 25                     553 	.db #0x25	; 37
    000001A0 27                     554 	.db #0x27	; 39
    000001A1 25                     555 	.db #0x25	; 37
    000001A2 25                     556 	.db #0x25	; 37
    000001A3 25                     557 	.db #0x25	; 37
    000001A4 25                     558 	.db #0x25	; 37
    000001A5 27                     559 	.db #0x27	; 39
    000001A6 25                     560 	.db #0x25	; 37
    000001A7 25                     561 	.db #0x25	; 37
    000001A8 25                     562 	.db #0x25	; 37
    000001A9 25                     563 	.db #0x25	; 37
    000001AA 25                     564 	.db #0x25	; 37
    000001AB 25                     565 	.db #0x25	; 37
    000001AC 25                     566 	.db #0x25	; 37
    000001AD 26                     567 	.db #0x26	; 38
    000001AE 25                     568 	.db #0x25	; 37
    000001AF 25                     569 	.db #0x25	; 37
    000001B0 26                     570 	.db #0x26	; 38
    000001B1 25                     571 	.db #0x25	; 37
    000001B2 25                     572 	.db #0x25	; 37
    000001B3 25                     573 	.db #0x25	; 37
    000001B4 25                     574 	.db #0x25	; 37
    000001B5 25                     575 	.db #0x25	; 37
    000001B6 25                     576 	.db #0x25	; 37
    000001B7 25                     577 	.db #0x25	; 37
    000001B8 25                     578 	.db #0x25	; 37
    000001B9 25                     579 	.db #0x25	; 37
    000001BA 25                     580 	.db #0x25	; 37
    000001BB 25                     581 	.db #0x25	; 37
    000001BC 25                     582 	.db #0x25	; 37
    000001BD 25                     583 	.db #0x25	; 37
    000001BE 25                     584 	.db #0x25	; 37
    000001BF 25                     585 	.db #0x25	; 37
    000001C0 25                     586 	.db #0x25	; 37
    000001C1 25                     587 	.db #0x25	; 37
    000001C2 25                     588 	.db #0x25	; 37
    000001C3 25                     589 	.db #0x25	; 37
    000001C4 25                     590 	.db #0x25	; 37
    000001C5 25                     591 	.db #0x25	; 37
    000001C6 25                     592 	.db #0x25	; 37
    000001C7 25                     593 	.db #0x25	; 37
    000001C8 25                     594 	.db #0x25	; 37
    000001C9 25                     595 	.db #0x25	; 37
    000001CA 25                     596 	.db #0x25	; 37
    000001CB 25                     597 	.db #0x25	; 37
    000001CC 25                     598 	.db #0x25	; 37
    000001CD 25                     599 	.db #0x25	; 37
    000001CE 25                     600 	.db #0x25	; 37
    000001CF 25                     601 	.db #0x25	; 37
    000001D0 25                     602 	.db #0x25	; 37
    000001D1 25                     603 	.db #0x25	; 37
    000001D2 25                     604 	.db #0x25	; 37
    000001D3 26                     605 	.db #0x26	; 38
    000001D4 25                     606 	.db #0x25	; 37
    000001D5 25                     607 	.db #0x25	; 37
    000001D6 25                     608 	.db #0x25	; 37
    000001D7 25                     609 	.db #0x25	; 37
    000001D8 25                     610 	.db #0x25	; 37
    000001D9 25                     611 	.db #0x25	; 37
    000001DA 25                     612 	.db #0x25	; 37
    000001DB 25                     613 	.db #0x25	; 37
    000001DC 25                     614 	.db #0x25	; 37
    000001DD 25                     615 	.db #0x25	; 37
    000001DE 25                     616 	.db #0x25	; 37
    000001DF 25                     617 	.db #0x25	; 37
    000001E0 26                     618 	.db #0x26	; 38
    000001E1 25                     619 	.db #0x25	; 37
    000001E2 25                     620 	.db #0x25	; 37
    000001E3 25                     621 	.db #0x25	; 37
    000001E4 25                     622 	.db #0x25	; 37
    000001E5 25                     623 	.db #0x25	; 37
    000001E6 25                     624 	.db #0x25	; 37
    000001E7 25                     625 	.db #0x25	; 37
    000001E8 25                     626 	.db #0x25	; 37
    000001E9 25                     627 	.db #0x25	; 37
    000001EA 25                     628 	.db #0x25	; 37
    000001EB 25                     629 	.db #0x25	; 37
    000001EC 25                     630 	.db #0x25	; 37
    000001ED 25                     631 	.db #0x25	; 37
    000001EE 25                     632 	.db #0x25	; 37
    000001EF 25                     633 	.db #0x25	; 37
    000001F0 25                     634 	.db #0x25	; 37
    000001F1 25                     635 	.db #0x25	; 37
    000001F2 25                     636 	.db #0x25	; 37
    000001F3 25                     637 	.db #0x25	; 37
    000001F4 25                     638 	.db #0x25	; 37
    000001F5 25                     639 	.db #0x25	; 37
    000001F6 25                     640 	.db #0x25	; 37
    000001F7 25                     641 	.db #0x25	; 37
    000001F8 25                     642 	.db #0x25	; 37
    000001F9 25                     643 	.db #0x25	; 37
    000001FA 25                     644 	.db #0x25	; 37
    000001FB 25                     645 	.db #0x25	; 37
    000001FC 25                     646 	.db #0x25	; 37
    000001FD 25                     647 	.db #0x25	; 37
    000001FE 25                     648 	.db #0x25	; 37
    000001FF 25                     649 	.db #0x25	; 37
    00000200 25                     650 	.db #0x25	; 37
    00000201 25                     651 	.db #0x25	; 37
    00000202 25                     652 	.db #0x25	; 37
    00000203 27                     653 	.db #0x27	; 39
    00000204 25                     654 	.db #0x25	; 37
    00000205 25                     655 	.db #0x25	; 37
    00000206 25                     656 	.db #0x25	; 37
    00000207 25                     657 	.db #0x25	; 37
    00000208 25                     658 	.db #0x25	; 37
    00000209 25                     659 	.db #0x25	; 37
    0000020A 25                     660 	.db #0x25	; 37
    0000020B 25                     661 	.db #0x25	; 37
    0000020C 25                     662 	.db #0x25	; 37
    0000020D 27                     663 	.db #0x27	; 39
    0000020E 25                     664 	.db #0x25	; 37
    0000020F 25                     665 	.db #0x25	; 37
    00000210 25                     666 	.db #0x25	; 37
    00000211 25                     667 	.db #0x25	; 37
    00000212 25                     668 	.db #0x25	; 37
    00000213 25                     669 	.db #0x25	; 37
    00000214 25                     670 	.db #0x25	; 37
    00000215 25                     671 	.db #0x25	; 37
    00000216 25                     672 	.db #0x25	; 37
    00000217 25                     673 	.db #0x25	; 37
    00000218 25                     674 	.db #0x25	; 37
    00000219 25                     675 	.db #0x25	; 37
    0000021A 25                     676 	.db #0x25	; 37
    0000021B 25                     677 	.db #0x25	; 37
    0000021C                        678 _empty:
    0000021C 25                     679 	.db #0x25	; 37
    0000021D 25                     680 	.db #0x25	; 37
    0000021E 25                     681 	.db #0x25	; 37
    0000021F 25                     682 	.db #0x25	; 37
    00000220 25                     683 	.db #0x25	; 37
    00000221 25                     684 	.db #0x25	; 37
    00000222 25                     685 	.db #0x25	; 37
    00000223 25                     686 	.db #0x25	; 37
    00000224 25                     687 	.db #0x25	; 37
    00000225 25                     688 	.db #0x25	; 37
    00000226 25                     689 	.db #0x25	; 37
    00000227 25                     690 	.db #0x25	; 37
    00000228 25                     691 	.db #0x25	; 37
    00000229 25                     692 	.db #0x25	; 37
    0000022A 25                     693 	.db #0x25	; 37
    0000022B 25                     694 	.db #0x25	; 37
    0000022C 25                     695 	.db #0x25	; 37
    0000022D 25                     696 	.db #0x25	; 37
    0000022E 25                     697 	.db #0x25	; 37
    0000022F 25                     698 	.db #0x25	; 37
    00000230 25                     699 	.db #0x25	; 37
    00000231 25                     700 	.db #0x25	; 37
    00000232 25                     701 	.db #0x25	; 37
    00000233 25                     702 	.db #0x25	; 37
    00000234 25                     703 	.db #0x25	; 37
    00000235 25                     704 	.db #0x25	; 37
    00000236 25                     705 	.db #0x25	; 37
    00000237 25                     706 	.db #0x25	; 37
    00000238 25                     707 	.db #0x25	; 37
    00000239 25                     708 	.db #0x25	; 37
    0000023A 25                     709 	.db #0x25	; 37
    0000023B 25                     710 	.db #0x25	; 37
    0000023C 25                     711 	.db #0x25	; 37
    0000023D 25                     712 	.db #0x25	; 37
    0000023E 25                     713 	.db #0x25	; 37
    0000023F 25                     714 	.db #0x25	; 37
    00000240 25                     715 	.db #0x25	; 37
    00000241 25                     716 	.db #0x25	; 37
    00000242 25                     717 	.db #0x25	; 37
    00000243 25                     718 	.db #0x25	; 37
    00000244 25                     719 	.db #0x25	; 37
    00000245 25                     720 	.db #0x25	; 37
    00000246 25                     721 	.db #0x25	; 37
    00000247 25                     722 	.db #0x25	; 37
    00000248 25                     723 	.db #0x25	; 37
    00000249 25                     724 	.db #0x25	; 37
    0000024A 25                     725 	.db #0x25	; 37
    0000024B 25                     726 	.db #0x25	; 37
    0000024C 25                     727 	.db #0x25	; 37
    0000024D 25                     728 	.db #0x25	; 37
    0000024E 25                     729 	.db #0x25	; 37
    0000024F 25                     730 	.db #0x25	; 37
    00000250 25                     731 	.db #0x25	; 37
    00000251 25                     732 	.db #0x25	; 37
    00000252 25                     733 	.db #0x25	; 37
    00000253 25                     734 	.db #0x25	; 37
    00000254                        735 _empty0:
    00000254 00                     736 	.db #0x00	; 0
    00000255 00                     737 	.db #0x00	; 0
    00000256 00                     738 	.db #0x00	; 0
    00000257 00                     739 	.db #0x00	; 0
    00000258 00                     740 	.db #0x00	; 0
    00000259 00                     741 	.db #0x00	; 0
    0000025A 00                     742 	.db #0x00	; 0
    0000025B 00                     743 	.db #0x00	; 0
    0000025C 00                     744 	.db #0x00	; 0
    0000025D 00                     745 	.db #0x00	; 0
    0000025E 00                     746 	.db #0x00	; 0
    0000025F 00                     747 	.db #0x00	; 0
    00000260 00                     748 	.db #0x00	; 0
    00000261 00                     749 	.db #0x00	; 0
    00000262 00                     750 	.db #0x00	; 0
    00000263 00                     751 	.db #0x00	; 0
    00000264 00                     752 	.db #0x00	; 0
    00000265 00                     753 	.db #0x00	; 0
    00000266 00                     754 	.db #0x00	; 0
    00000267 00                     755 	.db #0x00	; 0
    00000268 00                     756 	.db #0x00	; 0
    00000269 00                     757 	.db #0x00	; 0
    0000026A 00                     758 	.db #0x00	; 0
    0000026B 00                     759 	.db #0x00	; 0
    0000026C 00                     760 	.db #0x00	; 0
    0000026D 00                     761 	.db #0x00	; 0
    0000026E 00                     762 	.db #0x00	; 0
    0000026F 00                     763 	.db #0x00	; 0
    00000270 00                     764 	.db #0x00	; 0
    00000271 00                     765 	.db #0x00	; 0
    00000272 00                     766 	.db #0x00	; 0
    00000273 00                     767 	.db #0x00	; 0
    00000274 00                     768 	.db #0x00	; 0
    00000275 00                     769 	.db #0x00	; 0
    00000276 00                     770 	.db #0x00	; 0
    00000277 00                     771 	.db #0x00	; 0
    00000278 00                     772 	.db #0x00	; 0
    00000279 00                     773 	.db #0x00	; 0
    0000027A 00                     774 	.db #0x00	; 0
    0000027B 00                     775 	.db #0x00	; 0
    0000027C 00                     776 	.db #0x00	; 0
    0000027D 00                     777 	.db #0x00	; 0
    0000027E 00                     778 	.db #0x00	; 0
    0000027F 00                     779 	.db #0x00	; 0
    00000280 00                     780 	.db #0x00	; 0
    00000281 00                     781 	.db #0x00	; 0
    00000282 00                     782 	.db #0x00	; 0
    00000283 00                     783 	.db #0x00	; 0
    00000284 00                     784 	.db #0x00	; 0
    00000285 00                     785 	.db #0x00	; 0
    00000286 00                     786 	.db #0x00	; 0
    00000287 00                     787 	.db #0x00	; 0
    00000288 00                     788 	.db #0x00	; 0
    00000289 00                     789 	.db #0x00	; 0
    0000028A 00                     790 	.db #0x00	; 0
    0000028B 00                     791 	.db #0x00	; 0
    0000028C                        792 _score_tiles:
    0000028C 1D                     793 	.db #0x1d	; 29
    0000028D 0D                     794 	.db #0x0d	; 13
    0000028E 19                     795 	.db #0x19	; 25
    0000028F 1C                     796 	.db #0x1c	; 28
    00000290 0F                     797 	.db #0x0f	; 15
    00000291 01                     798 	.db #0x01	; 1
    00000292 01                     799 	.db #0x01	; 1
    00000293 01                     800 	.db #0x01	; 1
    00000294 01                     801 	.db #0x01	; 1
    00000295 01                     802 	.db #0x01	; 1
    00000296 01                     803 	.db #0x01	; 1
    00000297 01                     804 	.db #0x01	; 1
    00000298 01                     805 	.db #0x01	; 1
    00000299                        806 _gameOver:
    00000299 00                     807 	.db #0x00	; 0
    0000029A 11                     808 	.db #0x11	; 17
    0000029B 0B                     809 	.db #0x0b	; 11
    0000029C 17                     810 	.db #0x17	; 23
    0000029D 0F                     811 	.db #0x0f	; 15
    0000029E 19                     812 	.db #0x19	; 25
    0000029F 20                     813 	.db #0x20	; 32
    000002A0 0F                     814 	.db #0x0f	; 15
    000002A1 1C                     815 	.db #0x1c	; 28
    000002A2 00                     816 	.db #0x00	; 0
    000002A3                        817 _pause:
    000002A3 1A                     818 	.db #0x1a	; 26
    000002A4 0B                     819 	.db #0x0b	; 11
    000002A5 1F                     820 	.db #0x1f	; 31
    000002A6 1D                     821 	.db #0x1d	; 29
    000002A7 0F                     822 	.db #0x0f	; 15
    000002A8                        823 _t1:
    000002A8 01                     824 	.db #0x01	; 1
    000002A9 25                     825 	.db #0x25	; 37
    000002AA                        826 _t2:
    000002AA 02                     827 	.db #0x02	; 2
    000002AB 25                     828 	.db #0x25	; 37
    000002AC                        829 _t3:
    000002AC 03                     830 	.db #0x03	; 3
    000002AD 25                     831 	.db #0x25	; 37
    000002AE                        832 _t4:
    000002AE 04                     833 	.db #0x04	; 4
    000002AF 25                     834 	.db #0x25	; 37
    000002B0                        835 _star1:
    000002B0 04                     836 	.db #0x04	; 4
    000002B1 E3                     837 	.db #0xe3	; 227
    000002B2 24                     838 	.db #0x24	; 36
    000002B3 C3                     839 	.db #0xc3	; 195
    000002B4 E6                     840 	.db #0xe6	; 230
    000002B5 01                     841 	.db #0x01	; 1
    000002B6 00                     842 	.db #0x00	; 0
    000002B7 00                     843 	.db #0x00	; 0
    000002B8 00                     844 	.db #0x00	; 0
    000002B9 00                     845 	.db #0x00	; 0
    000002BA 67                     846 	.db #0x67	; 103	'g'
    000002BB 80                     847 	.db #0x80	; 128
    000002BC 24                     848 	.db #0x24	; 36
    000002BD C3                     849 	.db #0xc3	; 195
    000002BE 20                     850 	.db #0x20	; 32
    000002BF C7                     851 	.db #0xc7	; 199
    000002C0                        852 _star2:
    000002C0 00                     853 	.db #0x00	; 0
    000002C1 FF                     854 	.db #0xff	; 255
    000002C2 04                     855 	.db #0x04	; 4
    000002C3 E3                     856 	.db #0xe3	; 227
    000002C4 24                     857 	.db #0x24	; 36
    000002C5 C3                     858 	.db #0xc3	; 195
    000002C6 00                     859 	.db #0x00	; 0
    000002C7 81                     860 	.db #0x81	; 129
    000002C8 00                     861 	.db #0x00	; 0
    000002C9 81                     862 	.db #0x81	; 129
    000002CA 26                     863 	.db #0x26	; 38
    000002CB C1                     864 	.db #0xc1	; 193
    000002CC 20                     865 	.db #0x20	; 32
    000002CD C7                     866 	.db #0xc7	; 199
    000002CE 00                     867 	.db #0x00	; 0
    000002CF FF                     868 	.db #0xff	; 255
    000002D0                        869 _star3:
    000002D0 00                     870 	.db #0x00	; 0
    000002D1 FF                     871 	.db #0xff	; 255
    000002D2 00                     872 	.db #0x00	; 0
    000002D3 FF                     873 	.db #0xff	; 255
    000002D4 18                     874 	.db #0x18	; 24
    000002D5 E7                     875 	.db #0xe7	; 231
    000002D6 24                     876 	.db #0x24	; 36
    000002D7 C3                     877 	.db #0xc3	; 195
    000002D8 24                     878 	.db #0x24	; 36
    000002D9 C3                     879 	.db #0xc3	; 195
    000002DA 18                     880 	.db #0x18	; 24
    000002DB E7                     881 	.db #0xe7	; 231
    000002DC 00                     882 	.db #0x00	; 0
    000002DD FF                     883 	.db #0xff	; 255
    000002DE 00                     884 	.db #0x00	; 0
    000002DF FF                     885 	.db #0xff	; 255
    000002E0                        886 _title_pal:
    000002E0 E0 6D                  887 	.dw #0x6de0
    000002E2 00 7C                  888 	.dw #0x7c00
    000002E4 E0 3D                  889 	.dw #0x3de0
    000002E6 00 00                  890 	.dw #0x0000
    000002E8                        891 _title_data:
    000002E8 FF                     892 	.db #0xff	; 255
    000002E9 FF                     893 	.db #0xff	; 255
    000002EA FF                     894 	.db #0xff	; 255
    000002EB FF                     895 	.db #0xff	; 255
    000002EC FF                     896 	.db #0xff	; 255
    000002ED FF                     897 	.db #0xff	; 255
    000002EE FF                     898 	.db #0xff	; 255
    000002EF FF                     899 	.db #0xff	; 255
    000002F0 FF                     900 	.db #0xff	; 255
    000002F1 FF                     901 	.db #0xff	; 255
    000002F2 FF                     902 	.db #0xff	; 255
    000002F3 FF                     903 	.db #0xff	; 255
    000002F4 FF                     904 	.db #0xff	; 255
    000002F5 FF                     905 	.db #0xff	; 255
    000002F6 FF                     906 	.db #0xff	; 255
    000002F7 FF                     907 	.db #0xff	; 255
    000002F8 FD                     908 	.db #0xfd	; 253
    000002F9 FE                     909 	.db #0xfe	; 254
    000002FA FB                     910 	.db #0xfb	; 251
    000002FB FC                     911 	.db #0xfc	; 252
    000002FC FB                     912 	.db #0xfb	; 251
    000002FD FC                     913 	.db #0xfc	; 252
    000002FE FB                     914 	.db #0xfb	; 251
    000002FF FC                     915 	.db #0xfc	; 252
    00000300 FB                     916 	.db #0xfb	; 251
    00000301 FC                     917 	.db #0xfc	; 252
    00000302 FB                     918 	.db #0xfb	; 251
    00000303 FC                     919 	.db #0xfc	; 252
    00000304 F7                     920 	.db #0xf7	; 247
    00000305 F8                     921 	.db #0xf8	; 248
    00000306 F7                     922 	.db #0xf7	; 247
    00000307 F8                     923 	.db #0xf8	; 248
    00000308 C0                     924 	.db #0xc0	; 192
    00000309 3F                     925 	.db #0x3f	; 63
    0000030A FF                     926 	.db #0xff	; 255
    0000030B 00                     927 	.db #0x00	; 0
    0000030C FF                     928 	.db #0xff	; 255
    0000030D 00                     929 	.db #0x00	; 0
    0000030E FF                     930 	.db #0xff	; 255
    0000030F 00                     931 	.db #0x00	; 0
    00000310 FF                     932 	.db #0xff	; 255
    00000311 00                     933 	.db #0x00	; 0
    00000312 FF                     934 	.db #0xff	; 255
    00000313 00                     935 	.db #0x00	; 0
    00000314 FF                     936 	.db #0xff	; 255
    00000315 00                     937 	.db #0x00	; 0
    00000316 FF                     938 	.db #0xff	; 255
    00000317 00                     939 	.db #0x00	; 0
    00000318 00                     940 	.db #0x00	; 0
    00000319 FF                     941 	.db #0xff	; 255
    0000031A FF                     942 	.db #0xff	; 255
    0000031B 00                     943 	.db #0x00	; 0
    0000031C FF                     944 	.db #0xff	; 255
    0000031D 00                     945 	.db #0x00	; 0
    0000031E FF                     946 	.db #0xff	; 255
    0000031F 00                     947 	.db #0x00	; 0
    00000320 FF                     948 	.db #0xff	; 255
    00000321 00                     949 	.db #0x00	; 0
    00000322 FF                     950 	.db #0xff	; 255
    00000323 00                     951 	.db #0x00	; 0
    00000324 FF                     952 	.db #0xff	; 255
    00000325 00                     953 	.db #0x00	; 0
    00000326 FF                     954 	.db #0xff	; 255
    00000327 00                     955 	.db #0x00	; 0
    00000328 FF                     956 	.db #0xff	; 255
    00000329 FF                     957 	.db #0xff	; 255
    0000032A 3F                     958 	.db #0x3f	; 63
    0000032B FF                     959 	.db #0xff	; 255
    0000032C FF                     960 	.db #0xff	; 255
    0000032D 3F                     961 	.db #0x3f	; 63
    0000032E FF                     962 	.db #0xff	; 255
    0000032F 3F                     963 	.db #0x3f	; 63
    00000330 FF                     964 	.db #0xff	; 255
    00000331 3F                     965 	.db #0x3f	; 63
    00000332 FF                     966 	.db #0xff	; 255
    00000333 3F                     967 	.db #0x3f	; 63
    00000334 FF                     968 	.db #0xff	; 255
    00000335 3F                     969 	.db #0x3f	; 63
    00000336 BF                     970 	.db #0xbf	; 191
    00000337 7F                     971 	.db #0x7f	; 127
    00000338 FF                     972 	.db #0xff	; 255
    00000339 FF                     973 	.db #0xff	; 255
    0000033A FF                     974 	.db #0xff	; 255
    0000033B FF                     975 	.db #0xff	; 255
    0000033C C7                     976 	.db #0xc7	; 199
    0000033D FF                     977 	.db #0xff	; 255
    0000033E C0                     978 	.db #0xc0	; 192
    0000033F FF                     979 	.db #0xff	; 255
    00000340 C0                     980 	.db #0xc0	; 192
    00000341 FF                     981 	.db #0xff	; 255
    00000342 80                     982 	.db #0x80	; 128
    00000343 FF                     983 	.db #0xff	; 255
    00000344 80                     984 	.db #0x80	; 128
    00000345 FF                     985 	.db #0xff	; 255
    00000346 80                     986 	.db #0x80	; 128
    00000347 FF                     987 	.db #0xff	; 255
    00000348 FF                     988 	.db #0xff	; 255
    00000349 FF                     989 	.db #0xff	; 255
    0000034A FF                     990 	.db #0xff	; 255
    0000034B FF                     991 	.db #0xff	; 255
    0000034C FF                     992 	.db #0xff	; 255
    0000034D FF                     993 	.db #0xff	; 255
    0000034E 07                     994 	.db #0x07	; 7
    0000034F FF                     995 	.db #0xff	; 255
    00000350 03                     996 	.db #0x03	; 3
    00000351 FF                     997 	.db #0xff	; 255
    00000352 03                     998 	.db #0x03	; 3
    00000353 FF                     999 	.db #0xff	; 255
    00000354 03                    1000 	.db #0x03	; 3
    00000355 FF                    1001 	.db #0xff	; 255
    00000356 03                    1002 	.db #0x03	; 3
    00000357 FF                    1003 	.db #0xff	; 255
    00000358 FF                    1004 	.db #0xff	; 255
    00000359 FF                    1005 	.db #0xff	; 255
    0000035A FF                    1006 	.db #0xff	; 255
    0000035B FF                    1007 	.db #0xff	; 255
    0000035C FF                    1008 	.db #0xff	; 255
    0000035D FF                    1009 	.db #0xff	; 255
    0000035E FF                    1010 	.db #0xff	; 255
    0000035F FF                    1011 	.db #0xff	; 255
    00000360 FE                    1012 	.db #0xfe	; 254
    00000361 FF                    1013 	.db #0xff	; 255
    00000362 FB                    1014 	.db #0xfb	; 251
    00000363 FC                    1015 	.db #0xfc	; 252
    00000364 FB                    1016 	.db #0xfb	; 251
    00000365 FC                    1017 	.db #0xfc	; 252
    00000366 FB                    1018 	.db #0xfb	; 251
    00000367 FC                    1019 	.db #0xfc	; 252
    00000368 FF                    1020 	.db #0xff	; 255
    00000369 FF                    1021 	.db #0xff	; 255
    0000036A FF                    1022 	.db #0xff	; 255
    0000036B FF                    1023 	.db #0xff	; 255
    0000036C FF                    1024 	.db #0xff	; 255
    0000036D FF                    1025 	.db #0xff	; 255
    0000036E 7A                    1026 	.db #0x7a	; 122	'z'
    0000036F 85                    1027 	.db #0x85	; 133
    00000370 FF                    1028 	.db #0xff	; 255
    00000371 00                    1029 	.db #0x00	; 0
    00000372 FF                    1030 	.db #0xff	; 255
    00000373 00                    1031 	.db #0x00	; 0
    00000374 FF                    1032 	.db #0xff	; 255
    00000375 00                    1033 	.db #0x00	; 0
    00000376 FF                    1034 	.db #0xff	; 255
    00000377 00                    1035 	.db #0x00	; 0
    00000378 FF                    1036 	.db #0xff	; 255
    00000379 FF                    1037 	.db #0xff	; 255
    0000037A FF                    1038 	.db #0xff	; 255
    0000037B FF                    1039 	.db #0xff	; 255
    0000037C FF                    1040 	.db #0xff	; 255
    0000037D FF                    1041 	.db #0xff	; 255
    0000037E FF                    1042 	.db #0xff	; 255
    0000037F FF                    1043 	.db #0xff	; 255
    00000380 7F                    1044 	.db #0x7f	; 127
    00000381 FF                    1045 	.db #0xff	; 255
    00000382 7E                    1046 	.db #0x7e	; 126
    00000383 FF                    1047 	.db #0xff	; 255
    00000384 7D                    1048 	.db #0x7d	; 125
    00000385 FE                    1049 	.db #0xfe	; 254
    00000386 7D                    1050 	.db #0x7d	; 125
    00000387 FE                    1051 	.db #0xfe	; 254
    00000388 FF                    1052 	.db #0xff	; 255
    00000389 FF                    1053 	.db #0xff	; 255
    0000038A FF                    1054 	.db #0xff	; 255
    0000038B FF                    1055 	.db #0xff	; 255
    0000038C FF                    1056 	.db #0xff	; 255
    0000038D FF                    1057 	.db #0xff	; 255
    0000038E 9F                    1058 	.db #0x9f	; 159
    0000038F FF                    1059 	.db #0xff	; 255
    00000390 65                    1060 	.db #0x65	; 101	'e'
    00000391 9F                    1061 	.db #0x9f	; 159
    00000392 FF                    1062 	.db #0xff	; 255
    00000393 00                    1063 	.db #0x00	; 0
    00000394 FF                    1064 	.db #0xff	; 255
    00000395 00                    1065 	.db #0x00	; 0
    00000396 FF                    1066 	.db #0xff	; 255
    00000397 00                    1067 	.db #0x00	; 0
    00000398 FF                    1068 	.db #0xff	; 255
    00000399 FF                    1069 	.db #0xff	; 255
    0000039A FF                    1070 	.db #0xff	; 255
    0000039B FF                    1071 	.db #0xff	; 255
    0000039C FF                    1072 	.db #0xff	; 255
    0000039D FF                    1073 	.db #0xff	; 255
    0000039E FF                    1074 	.db #0xff	; 255
    0000039F FF                    1075 	.db #0xff	; 255
    000003A0 FF                    1076 	.db #0xff	; 255
    000003A1 FF                    1077 	.db #0xff	; 255
    000003A2 C7                    1078 	.db #0xc7	; 199
    000003A3 3F                    1079 	.db #0x3f	; 63
    000003A4 FB                    1080 	.db #0xfb	; 251
    000003A5 07                    1081 	.db #0x07	; 7
    000003A6 FB                    1082 	.db #0xfb	; 251
    000003A7 07                    1083 	.db #0x07	; 7
    000003A8 F7                    1084 	.db #0xf7	; 247
    000003A9 F8                    1085 	.db #0xf8	; 248
    000003AA FF                    1086 	.db #0xff	; 255
    000003AB F0                    1087 	.db #0xf0	; 240
    000003AC F7                    1088 	.db #0xf7	; 247
    000003AD F8                    1089 	.db #0xf8	; 248
    000003AE F7                    1090 	.db #0xf7	; 247
    000003AF F8                    1091 	.db #0xf8	; 248
    000003B0 F7                    1092 	.db #0xf7	; 247
    000003B1 F8                    1093 	.db #0xf8	; 248
    000003B2 F7                    1094 	.db #0xf7	; 247
    000003B3 F8                    1095 	.db #0xf8	; 248
    000003B4 F7                    1096 	.db #0xf7	; 247
    000003B5 F8                    1097 	.db #0xf8	; 248
    000003B6 F7                    1098 	.db #0xf7	; 247
    000003B7 F8                    1099 	.db #0xf8	; 248
    000003B8 FF                    1100 	.db #0xff	; 255
    000003B9 00                    1101 	.db #0x00	; 0
    000003BA FF                    1102 	.db #0xff	; 255
    000003BB 00                    1103 	.db #0x00	; 0
    000003BC FF                    1104 	.db #0xff	; 255
    000003BD 00                    1105 	.db #0x00	; 0
    000003BE FF                    1106 	.db #0xff	; 255
    000003BF 00                    1107 	.db #0x00	; 0
    000003C0 FF                    1108 	.db #0xff	; 255
    000003C1 00                    1109 	.db #0x00	; 0
    000003C2 FF                    1110 	.db #0xff	; 255
    000003C3 00                    1111 	.db #0x00	; 0
    000003C4 FF                    1112 	.db #0xff	; 255
    000003C5 00                    1113 	.db #0x00	; 0
    000003C6 FF                    1114 	.db #0xff	; 255
    000003C7 00                    1115 	.db #0x00	; 0
    000003C8 FF                    1116 	.db #0xff	; 255
    000003C9 FF                    1117 	.db #0xff	; 255
    000003CA 7F                    1118 	.db #0x7f	; 127
    000003CB FF                    1119 	.db #0xff	; 255
    000003CC CF                    1120 	.db #0xcf	; 207
    000003CD 3F                    1121 	.db #0x3f	; 63
    000003CE F9                    1122 	.db #0xf9	; 249
    000003CF 07                    1123 	.db #0x07	; 7
    000003D0 FE                    1124 	.db #0xfe	; 254
    000003D1 01                    1125 	.db #0x01	; 1
    000003D2 FF                    1126 	.db #0xff	; 255
    000003D3 00                    1127 	.db #0x00	; 0
    000003D4 FF                    1128 	.db #0xff	; 255
    000003D5 00                    1129 	.db #0x00	; 0
    000003D6 FF                    1130 	.db #0xff	; 255
    000003D7 00                    1131 	.db #0x00	; 0
    000003D8 FF                    1132 	.db #0xff	; 255
    000003D9 FF                    1133 	.db #0xff	; 255
    000003DA FF                    1134 	.db #0xff	; 255
    000003DB FF                    1135 	.db #0xff	; 255
    000003DC FF                    1136 	.db #0xff	; 255
    000003DD FF                    1137 	.db #0xff	; 255
    000003DE FF                    1138 	.db #0xff	; 255
    000003DF FF                    1139 	.db #0xff	; 255
    000003E0 FF                    1140 	.db #0xff	; 255
    000003E1 FF                    1141 	.db #0xff	; 255
    000003E2 7F                    1142 	.db #0x7f	; 127
    000003E3 FF                    1143 	.db #0xff	; 255
    000003E4 7F                    1144 	.db #0x7f	; 127
    000003E5 FF                    1145 	.db #0xff	; 255
    000003E6 7E                    1146 	.db #0x7e	; 126
    000003E7 FF                    1147 	.db #0xff	; 255
    000003E8 80                    1148 	.db #0x80	; 128
    000003E9 FF                    1149 	.db #0xff	; 255
    000003EA 80                    1150 	.db #0x80	; 128
    000003EB FF                    1151 	.db #0xff	; 255
    000003EC 80                    1152 	.db #0x80	; 128
    000003ED FF                    1153 	.db #0xff	; 255
    000003EE 80                    1154 	.db #0x80	; 128
    000003EF FF                    1155 	.db #0xff	; 255
    000003F0 00                    1156 	.db #0x00	; 0
    000003F1 FF                    1157 	.db #0xff	; 255
    000003F2 00                    1158 	.db #0x00	; 0
    000003F3 FF                    1159 	.db #0xff	; 255
    000003F4 00                    1160 	.db #0x00	; 0
    000003F5 FF                    1161 	.db #0xff	; 255
    000003F6 00                    1162 	.db #0x00	; 0
    000003F7 FF                    1163 	.db #0xff	; 255
    000003F8 03                    1164 	.db #0x03	; 3
    000003F9 FF                    1165 	.db #0xff	; 255
    000003FA 07                    1166 	.db #0x07	; 7
    000003FB FF                    1167 	.db #0xff	; 255
    000003FC 07                    1168 	.db #0x07	; 7
    000003FD FF                    1169 	.db #0xff	; 255
    000003FE 07                    1170 	.db #0x07	; 7
    000003FF FF                    1171 	.db #0xff	; 255
    00000400 0F                    1172 	.db #0x0f	; 15
    00000401 FF                    1173 	.db #0xff	; 255
    00000402 0F                    1174 	.db #0x0f	; 15
    00000403 FF                    1175 	.db #0xff	; 255
    00000404 0F                    1176 	.db #0x0f	; 15
    00000405 FF                    1177 	.db #0xff	; 255
    00000406 1F                    1178 	.db #0x1f	; 31
    00000407 FF                    1179 	.db #0xff	; 255
    00000408 FB                    1180 	.db #0xfb	; 251
    00000409 FC                    1181 	.db #0xfc	; 252
    0000040A FF                    1182 	.db #0xff	; 255
    0000040B FC                    1183 	.db #0xfc	; 252
    0000040C FD                    1184 	.db #0xfd	; 253
    0000040D FE                    1185 	.db #0xfe	; 254
    0000040E FD                    1186 	.db #0xfd	; 253
    0000040F FE                    1187 	.db #0xfe	; 254
    00000410 FF                    1188 	.db #0xff	; 255
    00000411 FE                    1189 	.db #0xfe	; 254
    00000412 FE                    1190 	.db #0xfe	; 254
    00000413 FF                    1191 	.db #0xff	; 255
    00000414 FF                    1192 	.db #0xff	; 255
    00000415 FF                    1193 	.db #0xff	; 255
    00000416 FF                    1194 	.db #0xff	; 255
    00000417 FF                    1195 	.db #0xff	; 255
    00000418 FF                    1196 	.db #0xff	; 255
    00000419 00                    1197 	.db #0x00	; 0
    0000041A FF                    1198 	.db #0xff	; 255
    0000041B 00                    1199 	.db #0x00	; 0
    0000041C FF                    1200 	.db #0xff	; 255
    0000041D 00                    1201 	.db #0x00	; 0
    0000041E FF                    1202 	.db #0xff	; 255
    0000041F 00                    1203 	.db #0x00	; 0
    00000420 FF                    1204 	.db #0xff	; 255
    00000421 00                    1205 	.db #0x00	; 0
    00000422 FF                    1206 	.db #0xff	; 255
    00000423 00                    1207 	.db #0x00	; 0
    00000424 FF                    1208 	.db #0xff	; 255
    00000425 00                    1209 	.db #0x00	; 0
    00000426 7F                    1210 	.db #0x7f	; 127
    00000427 80                    1211 	.db #0x80	; 128
    00000428 7B                    1212 	.db #0x7b	; 123
    00000429 FC                    1213 	.db #0xfc	; 252
    0000042A 7F                    1214 	.db #0x7f	; 127
    0000042B F8                    1215 	.db #0xf8	; 248
    0000042C 77                    1216 	.db #0x77	; 119	'w'
    0000042D F8                    1217 	.db #0xf8	; 248
    0000042E 6F                    1218 	.db #0x6f	; 111	'o'
    0000042F F0                    1219 	.db #0xf0	; 240
    00000430 5F                    1220 	.db #0x5f	; 95
    00000431 E0                    1221 	.db #0xe0	; 224
    00000432 9F                    1222 	.db #0x9f	; 159
    00000433 60                    1223 	.db #0x60	; 96
    00000434 FF                    1224 	.db #0xff	; 255
    00000435 00                    1225 	.db #0x00	; 0
    00000436 FF                    1226 	.db #0xff	; 255
    00000437 00                    1227 	.db #0x00	; 0
    00000438 FF                    1228 	.db #0xff	; 255
    00000439 00                    1229 	.db #0x00	; 0
    0000043A FF                    1230 	.db #0xff	; 255
    0000043B 00                    1231 	.db #0x00	; 0
    0000043C FF                    1232 	.db #0xff	; 255
    0000043D 00                    1233 	.db #0x00	; 0
    0000043E FF                    1234 	.db #0xff	; 255
    0000043F 00                    1235 	.db #0x00	; 0
    00000440 FF                    1236 	.db #0xff	; 255
    00000441 00                    1237 	.db #0x00	; 0
    00000442 FF                    1238 	.db #0xff	; 255
    00000443 00                    1239 	.db #0x00	; 0
    00000444 FE                    1240 	.db #0xfe	; 254
    00000445 01                    1241 	.db #0x01	; 1
    00000446 FF                    1242 	.db #0xff	; 255
    00000447 01                    1243 	.db #0x01	; 1
    00000448 FB                    1244 	.db #0xfb	; 251
    00000449 07                    1245 	.db #0x07	; 7
    0000044A F7                    1246 	.db #0xf7	; 247
    0000044B 0F                    1247 	.db #0x0f	; 15
    0000044C EF                    1248 	.db #0xef	; 239
    0000044D 1F                    1249 	.db #0x1f	; 31
    0000044E DF                    1250 	.db #0xdf	; 223
    0000044F 3F                    1251 	.db #0x3f	; 63
    00000450 BF                    1252 	.db #0xbf	; 191
    00000451 7F                    1253 	.db #0x7f	; 127
    00000452 7F                    1254 	.db #0x7f	; 127
    00000453 FF                    1255 	.db #0xff	; 255
    00000454 FF                    1256 	.db #0xff	; 255
    00000455 FF                    1257 	.db #0xff	; 255
    00000456 FF                    1258 	.db #0xff	; 255
    00000457 FF                    1259 	.db #0xff	; 255
    00000458 F7                    1260 	.db #0xf7	; 247
    00000459 F8                    1261 	.db #0xf8	; 248
    0000045A F7                    1262 	.db #0xf7	; 247
    0000045B F8                    1263 	.db #0xf8	; 248
    0000045C F7                    1264 	.db #0xf7	; 247
    0000045D F8                    1265 	.db #0xf8	; 248
    0000045E F7                    1266 	.db #0xf7	; 247
    0000045F F8                    1267 	.db #0xf8	; 248
    00000460 F7                    1268 	.db #0xf7	; 247
    00000461 F8                    1269 	.db #0xf8	; 248
    00000462 F7                    1270 	.db #0xf7	; 247
    00000463 F8                    1271 	.db #0xf8	; 248
    00000464 FF                    1272 	.db #0xff	; 255
    00000465 F0                    1273 	.db #0xf0	; 240
    00000466 EF                    1274 	.db #0xef	; 239
    00000467 F0                    1275 	.db #0xf0	; 240
    00000468 FF                    1276 	.db #0xff	; 255
    00000469 00                    1277 	.db #0x00	; 0
    0000046A FF                    1278 	.db #0xff	; 255
    0000046B 00                    1279 	.db #0x00	; 0
    0000046C FF                    1280 	.db #0xff	; 255
    0000046D 00                    1281 	.db #0x00	; 0
    0000046E FE                    1282 	.db #0xfe	; 254
    0000046F 01                    1283 	.db #0x01	; 1
    00000470 FE                    1284 	.db #0xfe	; 254
    00000471 01                    1285 	.db #0x01	; 1
    00000472 FE                    1286 	.db #0xfe	; 254
    00000473 01                    1287 	.db #0x01	; 1
    00000474 FE                    1288 	.db #0xfe	; 254
    00000475 01                    1289 	.db #0x01	; 1
    00000476 FE                    1290 	.db #0xfe	; 254
    00000477 01                    1291 	.db #0x01	; 1
    00000478 FF                    1292 	.db #0xff	; 255
    00000479 00                    1293 	.db #0x00	; 0
    0000047A FF                    1294 	.db #0xff	; 255
    0000047B 00                    1295 	.db #0x00	; 0
    0000047C FF                    1296 	.db #0xff	; 255
    0000047D 00                    1297 	.db #0x00	; 0
    0000047E C1                    1298 	.db #0xc1	; 193
    0000047F FF                    1299 	.db #0xff	; 255
    00000480 FF                    1300 	.db #0xff	; 255
    00000481 FF                    1301 	.db #0xff	; 255
    00000482 FF                    1302 	.db #0xff	; 255
    00000483 FF                    1303 	.db #0xff	; 255
    00000484 FF                    1304 	.db #0xff	; 255
    00000485 FF                    1305 	.db #0xff	; 255
    00000486 FF                    1306 	.db #0xff	; 255
    00000487 FF                    1307 	.db #0xff	; 255
    00000488 7E                    1308 	.db #0x7e	; 126
    00000489 FF                    1309 	.db #0xff	; 255
    0000048A 7E                    1310 	.db #0x7e	; 126
    0000048B FF                    1311 	.db #0xff	; 255
    0000048C FC                    1312 	.db #0xfc	; 252
    0000048D FF                    1313 	.db #0xff	; 255
    0000048E FC                    1314 	.db #0xfc	; 252
    0000048F FF                    1315 	.db #0xff	; 255
    00000490 FC                    1316 	.db #0xfc	; 252
    00000491 FF                    1317 	.db #0xff	; 255
    00000492 FC                    1318 	.db #0xfc	; 252
    00000493 FF                    1319 	.db #0xff	; 255
    00000494 F8                    1320 	.db #0xf8	; 248
    00000495 FF                    1321 	.db #0xff	; 255
    00000496 F8                    1322 	.db #0xf8	; 248
    00000497 FF                    1323 	.db #0xff	; 255
    00000498 00                    1324 	.db #0x00	; 0
    00000499 FF                    1325 	.db #0xff	; 255
    0000049A 00                    1326 	.db #0x00	; 0
    0000049B FF                    1327 	.db #0xff	; 255
    0000049C 00                    1328 	.db #0x00	; 0
    0000049D FF                    1329 	.db #0xff	; 255
    0000049E 00                    1330 	.db #0x00	; 0
    0000049F FF                    1331 	.db #0xff	; 255
    000004A0 00                    1332 	.db #0x00	; 0
    000004A1 FF                    1333 	.db #0xff	; 255
    000004A2 00                    1334 	.db #0x00	; 0
    000004A3 FF                    1335 	.db #0xff	; 255
    000004A4 00                    1336 	.db #0x00	; 0
    000004A5 FF                    1337 	.db #0xff	; 255
    000004A6 00                    1338 	.db #0x00	; 0
    000004A7 FF                    1339 	.db #0xff	; 255
    000004A8 1F                    1340 	.db #0x1f	; 31
    000004A9 FF                    1341 	.db #0xff	; 255
    000004AA 3F                    1342 	.db #0x3f	; 63
    000004AB FF                    1343 	.db #0xff	; 255
    000004AC 3F                    1344 	.db #0x3f	; 63
    000004AD FF                    1345 	.db #0xff	; 255
    000004AE 00                    1346 	.db #0x00	; 0
    000004AF FF                    1347 	.db #0xff	; 255
    000004B0 00                    1348 	.db #0x00	; 0
    000004B1 FF                    1349 	.db #0xff	; 255
    000004B2 00                    1350 	.db #0x00	; 0
    000004B3 FF                    1351 	.db #0xff	; 255
    000004B4 00                    1352 	.db #0x00	; 0
    000004B5 FF                    1353 	.db #0xff	; 255
    000004B6 00                    1354 	.db #0x00	; 0
    000004B7 FF                    1355 	.db #0xff	; 255
    000004B8 FF                    1356 	.db #0xff	; 255
    000004B9 FF                    1357 	.db #0xff	; 255
    000004BA FF                    1358 	.db #0xff	; 255
    000004BB FF                    1359 	.db #0xff	; 255
    000004BC FF                    1360 	.db #0xff	; 255
    000004BD FF                    1361 	.db #0xff	; 255
    000004BE 3F                    1362 	.db #0x3f	; 63
    000004BF FF                    1363 	.db #0xff	; 255
    000004C0 0F                    1364 	.db #0x0f	; 15
    000004C1 FF                    1365 	.db #0xff	; 255
    000004C2 0F                    1366 	.db #0x0f	; 15
    000004C3 FF                    1367 	.db #0xff	; 255
    000004C4 0F                    1368 	.db #0x0f	; 15
    000004C5 FF                    1369 	.db #0xff	; 255
    000004C6 0F                    1370 	.db #0x0f	; 15
    000004C7 FF                    1371 	.db #0xff	; 255
    000004C8 7F                    1372 	.db #0x7f	; 127
    000004C9 80                    1373 	.db #0x80	; 128
    000004CA FF                    1374 	.db #0xff	; 255
    000004CB 80                    1375 	.db #0x80	; 128
    000004CC BF                    1376 	.db #0xbf	; 191
    000004CD C0                    1377 	.db #0xc0	; 192
    000004CE BF                    1378 	.db #0xbf	; 191
    000004CF C0                    1379 	.db #0xc0	; 192
    000004D0 BF                    1380 	.db #0xbf	; 191
    000004D1 C0                    1381 	.db #0xc0	; 192
    000004D2 FF                    1382 	.db #0xff	; 255
    000004D3 C0                    1383 	.db #0xc0	; 192
    000004D4 FF                    1384 	.db #0xff	; 255
    000004D5 C0                    1385 	.db #0xc0	; 192
    000004D6 DF                    1386 	.db #0xdf	; 223
    000004D7 E0                    1387 	.db #0xe0	; 224
    000004D8 FD                    1388 	.db #0xfd	; 253
    000004D9 03                    1389 	.db #0x03	; 3
    000004DA FB                    1390 	.db #0xfb	; 251
    000004DB 07                    1391 	.db #0x07	; 7
    000004DC F7                    1392 	.db #0xf7	; 247
    000004DD 0F                    1393 	.db #0x0f	; 15
    000004DE FF                    1394 	.db #0xff	; 255
    000004DF 0F                    1395 	.db #0x0f	; 15
    000004E0 FF                    1396 	.db #0xff	; 255
    000004E1 0F                    1397 	.db #0x0f	; 15
    000004E2 EF                    1398 	.db #0xef	; 239
    000004E3 1F                    1399 	.db #0x1f	; 31
    000004E4 EF                    1400 	.db #0xef	; 239
    000004E5 1F                    1401 	.db #0x1f	; 31
    000004E6 FF                    1402 	.db #0xff	; 255
    000004E7 1F                    1403 	.db #0x1f	; 31
    000004E8 EF                    1404 	.db #0xef	; 239
    000004E9 F0                    1405 	.db #0xf0	; 240
    000004EA FF                    1406 	.db #0xff	; 255
    000004EB F0                    1407 	.db #0xf0	; 240
    000004EC FE                    1408 	.db #0xfe	; 254
    000004ED FF                    1409 	.db #0xff	; 255
    000004EE FF                    1410 	.db #0xff	; 255
    000004EF FF                    1411 	.db #0xff	; 255
    000004F0 FF                    1412 	.db #0xff	; 255
    000004F1 FF                    1413 	.db #0xff	; 255
    000004F2 FF                    1414 	.db #0xff	; 255
    000004F3 FF                    1415 	.db #0xff	; 255
    000004F4 FF                    1416 	.db #0xff	; 255
    000004F5 FF                    1417 	.db #0xff	; 255
    000004F6 FF                    1418 	.db #0xff	; 255
    000004F7 FF                    1419 	.db #0xff	; 255
    000004F8 FE                    1420 	.db #0xfe	; 254
    000004F9 01                    1421 	.db #0x01	; 1
    000004FA FE                    1422 	.db #0xfe	; 254
    000004FB 01                    1423 	.db #0x01	; 1
    000004FC 01                    1424 	.db #0x01	; 1
    000004FD FF                    1425 	.db #0xff	; 255
    000004FE FF                    1426 	.db #0xff	; 255
    000004FF FF                    1427 	.db #0xff	; 255
    00000500 FF                    1428 	.db #0xff	; 255
    00000501 FF                    1429 	.db #0xff	; 255
    00000502 FF                    1430 	.db #0xff	; 255
    00000503 FF                    1431 	.db #0xff	; 255
    00000504 FF                    1432 	.db #0xff	; 255
    00000505 FF                    1433 	.db #0xff	; 255
    00000506 FF                    1434 	.db #0xff	; 255
    00000507 FF                    1435 	.db #0xff	; 255
    00000508 F8                    1436 	.db #0xf8	; 248
    00000509 FF                    1437 	.db #0xff	; 255
    0000050A F8                    1438 	.db #0xf8	; 248
    0000050B FF                    1439 	.db #0xff	; 255
    0000050C F0                    1440 	.db #0xf0	; 240
    0000050D FF                    1441 	.db #0xff	; 255
    0000050E F0                    1442 	.db #0xf0	; 240
    0000050F FF                    1443 	.db #0xff	; 255
    00000510 F8                    1444 	.db #0xf8	; 248
    00000511 FF                    1445 	.db #0xff	; 255
    00000512 FF                    1446 	.db #0xff	; 255
    00000513 FF                    1447 	.db #0xff	; 255
    00000514 FF                    1448 	.db #0xff	; 255
    00000515 FF                    1449 	.db #0xff	; 255
    00000516 FF                    1450 	.db #0xff	; 255
    00000517 FF                    1451 	.db #0xff	; 255
    00000518 00                    1452 	.db #0x00	; 0
    00000519 FF                    1453 	.db #0xff	; 255
    0000051A 00                    1454 	.db #0x00	; 0
    0000051B FF                    1455 	.db #0xff	; 255
    0000051C 00                    1456 	.db #0x00	; 0
    0000051D FF                    1457 	.db #0xff	; 255
    0000051E 00                    1458 	.db #0x00	; 0
    0000051F FF                    1459 	.db #0xff	; 255
    00000520 00                    1460 	.db #0x00	; 0
    00000521 FF                    1461 	.db #0xff	; 255
    00000522 FF                    1462 	.db #0xff	; 255
    00000523 FF                    1463 	.db #0xff	; 255
    00000524 FF                    1464 	.db #0xff	; 255
    00000525 FF                    1465 	.db #0xff	; 255
    00000526 F1                    1466 	.db #0xf1	; 241
    00000527 FF                    1467 	.db #0xff	; 255
    00000528 00                    1468 	.db #0x00	; 0
    00000529 FF                    1469 	.db #0xff	; 255
    0000052A 00                    1470 	.db #0x00	; 0
    0000052B FF                    1471 	.db #0xff	; 255
    0000052C 00                    1472 	.db #0x00	; 0
    0000052D FF                    1473 	.db #0xff	; 255
    0000052E 00                    1474 	.db #0x00	; 0
    0000052F FF                    1475 	.db #0xff	; 255
    00000530 07                    1476 	.db #0x07	; 7
    00000531 FF                    1477 	.db #0xff	; 255
    00000532 FF                    1478 	.db #0xff	; 255
    00000533 FF                    1479 	.db #0xff	; 255
    00000534 FF                    1480 	.db #0xff	; 255
    00000535 FF                    1481 	.db #0xff	; 255
    00000536 FF                    1482 	.db #0xff	; 255
    00000537 FF                    1483 	.db #0xff	; 255
    00000538 0F                    1484 	.db #0x0f	; 15
    00000539 FF                    1485 	.db #0xff	; 255
    0000053A 0F                    1486 	.db #0x0f	; 15
    0000053B FF                    1487 	.db #0xff	; 255
    0000053C 0F                    1488 	.db #0x0f	; 15
    0000053D FF                    1489 	.db #0xff	; 255
    0000053E 1F                    1490 	.db #0x1f	; 31
    0000053F FF                    1491 	.db #0xff	; 255
    00000540 FF                    1492 	.db #0xff	; 255
    00000541 FF                    1493 	.db #0xff	; 255
    00000542 FF                    1494 	.db #0xff	; 255
    00000543 FF                    1495 	.db #0xff	; 255
    00000544 FF                    1496 	.db #0xff	; 255
    00000545 FF                    1497 	.db #0xff	; 255
    00000546 FF                    1498 	.db #0xff	; 255
    00000547 FF                    1499 	.db #0xff	; 255
    00000548 DF                    1500 	.db #0xdf	; 223
    00000549 E0                    1501 	.db #0xe0	; 224
    0000054A EF                    1502 	.db #0xef	; 239
    0000054B F0                    1503 	.db #0xf0	; 240
    0000054C EF                    1504 	.db #0xef	; 239
    0000054D F0                    1505 	.db #0xf0	; 240
    0000054E EF                    1506 	.db #0xef	; 239
    0000054F F0                    1507 	.db #0xf0	; 240
    00000550 F0                    1508 	.db #0xf0	; 240
    00000551 FF                    1509 	.db #0xff	; 255
    00000552 FF                    1510 	.db #0xff	; 255
    00000553 FF                    1511 	.db #0xff	; 255
    00000554 FF                    1512 	.db #0xff	; 255
    00000555 FF                    1513 	.db #0xff	; 255
    00000556 FF                    1514 	.db #0xff	; 255
    00000557 FF                    1515 	.db #0xff	; 255
    00000558 FF                    1516 	.db #0xff	; 255
    00000559 00                    1517 	.db #0x00	; 0
    0000055A FF                    1518 	.db #0xff	; 255
    0000055B 00                    1519 	.db #0x00	; 0
    0000055C FF                    1520 	.db #0xff	; 255
    0000055D 00                    1521 	.db #0x00	; 0
    0000055E FF                    1522 	.db #0xff	; 255
    0000055F 00                    1523 	.db #0x00	; 0
    00000560 00                    1524 	.db #0x00	; 0
    00000561 FF                    1525 	.db #0xff	; 255
    00000562 FF                    1526 	.db #0xff	; 255
    00000563 FF                    1527 	.db #0xff	; 255
    00000564 FF                    1528 	.db #0xff	; 255
    00000565 FF                    1529 	.db #0xff	; 255
    00000566 FF                    1530 	.db #0xff	; 255
    00000567 FF                    1531 	.db #0xff	; 255
    00000568 DF                    1532 	.db #0xdf	; 223
    00000569 3F                    1533 	.db #0x3f	; 63
    0000056A FF                    1534 	.db #0xff	; 255
    0000056B 3F                    1535 	.db #0x3f	; 63
    0000056C FF                    1536 	.db #0xff	; 255
    0000056D 3F                    1537 	.db #0x3f	; 63
    0000056E FF                    1538 	.db #0xff	; 255
    0000056F 3F                    1539 	.db #0x3f	; 63
    00000570 3F                    1540 	.db #0x3f	; 63
    00000571 FF                    1541 	.db #0xff	; 255
    00000572 FF                    1542 	.db #0xff	; 255
    00000573 FF                    1543 	.db #0xff	; 255
    00000574 FF                    1544 	.db #0xff	; 255
    00000575 FF                    1545 	.db #0xff	; 255
    00000576 FF                    1546 	.db #0xff	; 255
    00000577 FF                    1547 	.db #0xff	; 255
    00000578 FF                    1548 	.db #0xff	; 255
    00000579 FF                    1549 	.db #0xff	; 255
    0000057A FF                    1550 	.db #0xff	; 255
    0000057B FF                    1551 	.db #0xff	; 255
    0000057C FF                    1552 	.db #0xff	; 255
    0000057D FF                    1553 	.db #0xff	; 255
    0000057E FF                    1554 	.db #0xff	; 255
    0000057F FF                    1555 	.db #0xff	; 255
    00000580 FF                    1556 	.db #0xff	; 255
    00000581 FF                    1557 	.db #0xff	; 255
    00000582 FE                    1558 	.db #0xfe	; 254
    00000583 FF                    1559 	.db #0xff	; 255
    00000584 FE                    1560 	.db #0xfe	; 254
    00000585 FF                    1561 	.db #0xff	; 255
    00000586 FE                    1562 	.db #0xfe	; 254
    00000587 FF                    1563 	.db #0xff	; 255
    00000588 FF                    1564 	.db #0xff	; 255
    00000589 FF                    1565 	.db #0xff	; 255
    0000058A C1                    1566 	.db #0xc1	; 193
    0000058B FF                    1567 	.db #0xff	; 255
    0000058C 00                    1568 	.db #0x00	; 0
    0000058D FF                    1569 	.db #0xff	; 255
    0000058E 00                    1570 	.db #0x00	; 0
    0000058F FF                    1571 	.db #0xff	; 255
    00000590 00                    1572 	.db #0x00	; 0
    00000591 FF                    1573 	.db #0xff	; 255
    00000592 00                    1574 	.db #0x00	; 0
    00000593 FF                    1575 	.db #0xff	; 255
    00000594 00                    1576 	.db #0x00	; 0
    00000595 FF                    1577 	.db #0xff	; 255
    00000596 00                    1578 	.db #0x00	; 0
    00000597 FF                    1579 	.db #0xff	; 255
    00000598 FF                    1580 	.db #0xff	; 255
    00000599 FF                    1581 	.db #0xff	; 255
    0000059A EF                    1582 	.db #0xef	; 239
    0000059B FF                    1583 	.db #0xff	; 255
    0000059C 07                    1584 	.db #0x07	; 7
    0000059D FF                    1585 	.db #0xff	; 255
    0000059E 07                    1586 	.db #0x07	; 7
    0000059F FF                    1587 	.db #0xff	; 255
    000005A0 0F                    1588 	.db #0x0f	; 15
    000005A1 FF                    1589 	.db #0xff	; 255
    000005A2 0F                    1590 	.db #0x0f	; 15
    000005A3 FF                    1591 	.db #0xff	; 255
    000005A4 0F                    1592 	.db #0x0f	; 15
    000005A5 FF                    1593 	.db #0xff	; 255
    000005A6 0F                    1594 	.db #0x0f	; 15
    000005A7 FF                    1595 	.db #0xff	; 255
    000005A8 FD                    1596 	.db #0xfd	; 253
    000005A9 FE                    1597 	.db #0xfe	; 254
    000005AA C4                    1598 	.db #0xc4	; 196
    000005AB F8                    1599 	.db #0xf8	; 248
    000005AC E0                    1600 	.db #0xe0	; 224
    000005AD C0                    1601 	.db #0xc0	; 192
    000005AE E0                    1602 	.db #0xe0	; 224
    000005AF C0                    1603 	.db #0xc0	; 192
    000005B0 E0                    1604 	.db #0xe0	; 224
    000005B1 C0                    1605 	.db #0xc0	; 192
    000005B2 E0                    1606 	.db #0xe0	; 224
    000005B3 C0                    1607 	.db #0xc0	; 192
    000005B4 E0                    1608 	.db #0xe0	; 224
    000005B5 C0                    1609 	.db #0xc0	; 192
    000005B6 E0                    1610 	.db #0xe0	; 224
    000005B7 C0                    1611 	.db #0xc0	; 192
    000005B8 7F                    1612 	.db #0x7f	; 127
    000005B9 3F                    1613 	.db #0x3f	; 63
    000005BA 0F                    1614 	.db #0x0f	; 15
    000005BB 1F                    1615 	.db #0x1f	; 31
    000005BC 1F                    1616 	.db #0x1f	; 31
    000005BD 0F                    1617 	.db #0x0f	; 15
    000005BE 0F                    1618 	.db #0x0f	; 15
    000005BF 0F                    1619 	.db #0x0f	; 15
    000005C0 0F                    1620 	.db #0x0f	; 15
    000005C1 0F                    1621 	.db #0x0f	; 15
    000005C2 07                    1622 	.db #0x07	; 7
    000005C3 0F                    1623 	.db #0x0f	; 15
    000005C4 0E                    1624 	.db #0x0e	; 14
    000005C5 07                    1625 	.db #0x07	; 7
    000005C6 04                    1626 	.db #0x04	; 4
    000005C7 00                    1627 	.db #0x00	; 0
    000005C8 F0                    1628 	.db #0xf0	; 240
    000005C9 E0                    1629 	.db #0xe0	; 224
    000005CA C0                    1630 	.db #0xc0	; 192
    000005CB E0                    1631 	.db #0xe0	; 224
    000005CC C0                    1632 	.db #0xc0	; 192
    000005CD E0                    1633 	.db #0xe0	; 224
    000005CE C0                    1634 	.db #0xc0	; 192
    000005CF E0                    1635 	.db #0xe0	; 224
    000005D0 C0                    1636 	.db #0xc0	; 192
    000005D1 E0                    1637 	.db #0xe0	; 224
    000005D2 E0                    1638 	.db #0xe0	; 224
    000005D3 C0                    1639 	.db #0xc0	; 192
    000005D4 C0                    1640 	.db #0xc0	; 192
    000005D5 C0                    1641 	.db #0xc0	; 192
    000005D6 80                    1642 	.db #0x80	; 128
    000005D7 00                    1643 	.db #0x00	; 0
    000005D8 FF                    1644 	.db #0xff	; 255
    000005D9 7F                    1645 	.db #0x7f	; 127
    000005DA 0F                    1646 	.db #0x0f	; 15
    000005DB 1F                    1647 	.db #0x1f	; 31
    000005DC 1F                    1648 	.db #0x1f	; 31
    000005DD 0F                    1649 	.db #0x0f	; 15
    000005DE 1F                    1650 	.db #0x1f	; 31
    000005DF 0F                    1651 	.db #0x0f	; 15
    000005E0 1F                    1652 	.db #0x1f	; 31
    000005E1 0F                    1653 	.db #0x0f	; 15
    000005E2 1F                    1654 	.db #0x1f	; 31
    000005E3 0F                    1655 	.db #0x0f	; 15
    000005E4 1F                    1656 	.db #0x1f	; 31
    000005E5 0F                    1657 	.db #0x0f	; 15
    000005E6 0F                    1658 	.db #0x0f	; 15
    000005E7 1F                    1659 	.db #0x1f	; 31
    000005E8 FF                    1660 	.db #0xff	; 255
    000005E9 FF                    1661 	.db #0xff	; 255
    000005EA FF                    1662 	.db #0xff	; 255
    000005EB FF                    1663 	.db #0xff	; 255
    000005EC FF                    1664 	.db #0xff	; 255
    000005ED FF                    1665 	.db #0xff	; 255
    000005EE C0                    1666 	.db #0xc0	; 192
    000005EF FF                    1667 	.db #0xff	; 255
    000005F0 C0                    1668 	.db #0xc0	; 192
    000005F1 FF                    1669 	.db #0xff	; 255
    000005F2 C0                    1670 	.db #0xc0	; 192
    000005F3 FF                    1671 	.db #0xff	; 255
    000005F4 C0                    1672 	.db #0xc0	; 192
    000005F5 FF                    1673 	.db #0xff	; 255
    000005F6 80                    1674 	.db #0x80	; 128
    000005F7 FF                    1675 	.db #0xff	; 255
    000005F8 FF                    1676 	.db #0xff	; 255
    000005F9 FF                    1677 	.db #0xff	; 255
    000005FA FF                    1678 	.db #0xff	; 255
    000005FB FF                    1679 	.db #0xff	; 255
    000005FC FF                    1680 	.db #0xff	; 255
    000005FD FF                    1681 	.db #0xff	; 255
    000005FE 3F                    1682 	.db #0x3f	; 63
    000005FF FF                    1683 	.db #0xff	; 255
    00000600 00                    1684 	.db #0x00	; 0
    00000601 FF                    1685 	.db #0xff	; 255
    00000602 00                    1686 	.db #0x00	; 0
    00000603 FF                    1687 	.db #0xff	; 255
    00000604 00                    1688 	.db #0x00	; 0
    00000605 FF                    1689 	.db #0xff	; 255
    00000606 00                    1690 	.db #0x00	; 0
    00000607 FF                    1691 	.db #0xff	; 255
    00000608 FF                    1692 	.db #0xff	; 255
    00000609 FF                    1693 	.db #0xff	; 255
    0000060A FF                    1694 	.db #0xff	; 255
    0000060B FF                    1695 	.db #0xff	; 255
    0000060C FF                    1696 	.db #0xff	; 255
    0000060D FF                    1697 	.db #0xff	; 255
    0000060E FF                    1698 	.db #0xff	; 255
    0000060F FF                    1699 	.db #0xff	; 255
    00000610 5F                    1700 	.db #0x5f	; 95
    00000611 FF                    1701 	.db #0xff	; 255
    00000612 00                    1702 	.db #0x00	; 0
    00000613 FF                    1703 	.db #0xff	; 255
    00000614 00                    1704 	.db #0x00	; 0
    00000615 FF                    1705 	.db #0xff	; 255
    00000616 00                    1706 	.db #0x00	; 0
    00000617 FF                    1707 	.db #0xff	; 255
    00000618 FF                    1708 	.db #0xff	; 255
    00000619 FF                    1709 	.db #0xff	; 255
    0000061A FF                    1710 	.db #0xff	; 255
    0000061B FF                    1711 	.db #0xff	; 255
    0000061C FF                    1712 	.db #0xff	; 255
    0000061D FF                    1713 	.db #0xff	; 255
    0000061E FF                    1714 	.db #0xff	; 255
    0000061F FF                    1715 	.db #0xff	; 255
    00000620 FF                    1716 	.db #0xff	; 255
    00000621 FF                    1717 	.db #0xff	; 255
    00000622 FF                    1718 	.db #0xff	; 255
    00000623 FF                    1719 	.db #0xff	; 255
    00000624 7F                    1720 	.db #0x7f	; 127
    00000625 FF                    1721 	.db #0xff	; 255
    00000626 7E                    1722 	.db #0x7e	; 126
    00000627 FD                    1723 	.db #0xfd	; 253
    00000628 FE                    1724 	.db #0xfe	; 254
    00000629 FF                    1725 	.db #0xff	; 255
    0000062A FE                    1726 	.db #0xfe	; 254
    0000062B FF                    1727 	.db #0xff	; 255
    0000062C FE                    1728 	.db #0xfe	; 254
    0000062D FF                    1729 	.db #0xff	; 255
    0000062E FE                    1730 	.db #0xfe	; 254
    0000062F FF                    1731 	.db #0xff	; 255
    00000630 FE                    1732 	.db #0xfe	; 254
    00000631 FF                    1733 	.db #0xff	; 255
    00000632 FF                    1734 	.db #0xff	; 255
    00000633 FF                    1735 	.db #0xff	; 255
    00000634 FF                    1736 	.db #0xff	; 255
    00000635 FF                    1737 	.db #0xff	; 255
    00000636 FF                    1738 	.db #0xff	; 255
    00000637 FF                    1739 	.db #0xff	; 255
    00000638 00                    1740 	.db #0x00	; 0
    00000639 FF                    1741 	.db #0xff	; 255
    0000063A 01                    1742 	.db #0x01	; 1
    0000063B FF                    1743 	.db #0xff	; 255
    0000063C 03                    1744 	.db #0x03	; 3
    0000063D FF                    1745 	.db #0xff	; 255
    0000063E 03                    1746 	.db #0x03	; 3
    0000063F FF                    1747 	.db #0xff	; 255
    00000640 01                    1748 	.db #0x01	; 1
    00000641 FF                    1749 	.db #0xff	; 255
    00000642 00                    1750 	.db #0x00	; 0
    00000643 FF                    1751 	.db #0xff	; 255
    00000644 00                    1752 	.db #0x00	; 0
    00000645 FF                    1753 	.db #0xff	; 255
    00000646 00                    1754 	.db #0x00	; 0
    00000647 FF                    1755 	.db #0xff	; 255
    00000648 0F                    1756 	.db #0x0f	; 15
    00000649 FF                    1757 	.db #0xff	; 255
    0000064A 9F                    1758 	.db #0x9f	; 159
    0000064B FF                    1759 	.db #0xff	; 255
    0000064C FF                    1760 	.db #0xff	; 255
    0000064D FF                    1761 	.db #0xff	; 255
    0000064E FF                    1762 	.db #0xff	; 255
    0000064F FF                    1763 	.db #0xff	; 255
    00000650 FF                    1764 	.db #0xff	; 255
    00000651 FF                    1765 	.db #0xff	; 255
    00000652 FF                    1766 	.db #0xff	; 255
    00000653 FF                    1767 	.db #0xff	; 255
    00000654 3F                    1768 	.db #0x3f	; 63
    00000655 FF                    1769 	.db #0xff	; 255
    00000656 1F                    1770 	.db #0x1f	; 31
    00000657 FF                    1771 	.db #0xff	; 255
    00000658 E0                    1772 	.db #0xe0	; 224
    00000659 C0                    1773 	.db #0xc0	; 192
    0000065A E0                    1774 	.db #0xe0	; 224
    0000065B C0                    1775 	.db #0xc0	; 192
    0000065C E0                    1776 	.db #0xe0	; 224
    0000065D C0                    1777 	.db #0xc0	; 192
    0000065E E0                    1778 	.db #0xe0	; 224
    0000065F C0                    1779 	.db #0xc0	; 192
    00000660 E0                    1780 	.db #0xe0	; 224
    00000661 C0                    1781 	.db #0xc0	; 192
    00000662 E0                    1782 	.db #0xe0	; 224
    00000663 C0                    1783 	.db #0xc0	; 192
    00000664 E0                    1784 	.db #0xe0	; 224
    00000665 C0                    1785 	.db #0xc0	; 192
    00000666 E0                    1786 	.db #0xe0	; 224
    00000667 C0                    1787 	.db #0xc0	; 192
    00000668 00                    1788 	.db #0x00	; 0
    00000669 00                    1789 	.db #0x00	; 0
    0000066A 00                    1790 	.db #0x00	; 0
    0000066B 00                    1791 	.db #0x00	; 0
    0000066C 00                    1792 	.db #0x00	; 0
    0000066D 00                    1793 	.db #0x00	; 0
    0000066E 00                    1794 	.db #0x00	; 0
    0000066F 00                    1795 	.db #0x00	; 0
    00000670 00                    1796 	.db #0x00	; 0
    00000671 00                    1797 	.db #0x00	; 0
    00000672 00                    1798 	.db #0x00	; 0
    00000673 00                    1799 	.db #0x00	; 0
    00000674 00                    1800 	.db #0x00	; 0
    00000675 00                    1801 	.db #0x00	; 0
    00000676 00                    1802 	.db #0x00	; 0
    00000677 00                    1803 	.db #0x00	; 0
    00000678 1F                    1804 	.db #0x1f	; 31
    00000679 1F                    1805 	.db #0x1f	; 31
    0000067A 1F                    1806 	.db #0x1f	; 31
    0000067B 1F                    1807 	.db #0x1f	; 31
    0000067C 1F                    1808 	.db #0x1f	; 31
    0000067D 1F                    1809 	.db #0x1f	; 31
    0000067E 3F                    1810 	.db #0x3f	; 63
    0000067F 1F                    1811 	.db #0x1f	; 31
    00000680 1F                    1812 	.db #0x1f	; 31
    00000681 3F                    1813 	.db #0x3f	; 63
    00000682 1F                    1814 	.db #0x1f	; 31
    00000683 3F                    1815 	.db #0x3f	; 63
    00000684 1F                    1816 	.db #0x1f	; 31
    00000685 3F                    1817 	.db #0x3f	; 63
    00000686 1F                    1818 	.db #0x1f	; 31
    00000687 3F                    1819 	.db #0x3f	; 63
    00000688 80                    1820 	.db #0x80	; 128
    00000689 FF                    1821 	.db #0xff	; 255
    0000068A 80                    1822 	.db #0x80	; 128
    0000068B FF                    1823 	.db #0xff	; 255
    0000068C 80                    1824 	.db #0x80	; 128
    0000068D FF                    1825 	.db #0xff	; 255
    0000068E 80                    1826 	.db #0x80	; 128
    0000068F FF                    1827 	.db #0xff	; 255
    00000690 80                    1828 	.db #0x80	; 128
    00000691 FF                    1829 	.db #0xff	; 255
    00000692 F0                    1830 	.db #0xf0	; 240
    00000693 FF                    1831 	.db #0xff	; 255
    00000694 FF                    1832 	.db #0xff	; 255
    00000695 FF                    1833 	.db #0xff	; 255
    00000696 FF                    1834 	.db #0xff	; 255
    00000697 FF                    1835 	.db #0xff	; 255
    00000698 00                    1836 	.db #0x00	; 0
    00000699 FF                    1837 	.db #0xff	; 255
    0000069A 00                    1838 	.db #0x00	; 0
    0000069B FF                    1839 	.db #0xff	; 255
    0000069C 00                    1840 	.db #0x00	; 0
    0000069D FF                    1841 	.db #0xff	; 255
    0000069E 00                    1842 	.db #0x00	; 0
    0000069F FF                    1843 	.db #0xff	; 255
    000006A0 00                    1844 	.db #0x00	; 0
    000006A1 FF                    1845 	.db #0xff	; 255
    000006A2 00                    1846 	.db #0x00	; 0
    000006A3 FF                    1847 	.db #0xff	; 255
    000006A4 E0                    1848 	.db #0xe0	; 224
    000006A5 FF                    1849 	.db #0xff	; 255
    000006A6 E0                    1850 	.db #0xe0	; 224
    000006A7 FF                    1851 	.db #0xff	; 255
    000006A8 7C                    1852 	.db #0x7c	; 124
    000006A9 F8                    1853 	.db #0xf8	; 248
    000006AA 7C                    1854 	.db #0x7c	; 124
    000006AB F8                    1855 	.db #0xf8	; 248
    000006AC 70                    1856 	.db #0x70	; 112	'p'
    000006AD F8                    1857 	.db #0xf8	; 248
    000006AE 70                    1858 	.db #0x70	; 112	'p'
    000006AF F8                    1859 	.db #0xf8	; 248
    000006B0 78                    1860 	.db #0x78	; 120	'x'
    000006B1 F0                    1861 	.db #0xf0	; 240
    000006B2 70                    1862 	.db #0x70	; 112	'p'
    000006B3 F0                    1863 	.db #0xf0	; 240
    000006B4 70                    1864 	.db #0x70	; 112	'p'
    000006B5 F0                    1865 	.db #0xf0	; 240
    000006B6 E0                    1866 	.db #0xe0	; 224
    000006B7 F0                    1867 	.db #0xf0	; 240
    000006B8 03                    1868 	.db #0x03	; 3
    000006B9 0F                    1869 	.db #0x0f	; 15
    000006BA 00                    1870 	.db #0x00	; 0
    000006BB 00                    1871 	.db #0x00	; 0
    000006BC 00                    1872 	.db #0x00	; 0
    000006BD 00                    1873 	.db #0x00	; 0
    000006BE 00                    1874 	.db #0x00	; 0
    000006BF 00                    1875 	.db #0x00	; 0
    000006C0 00                    1876 	.db #0x00	; 0
    000006C1 00                    1877 	.db #0x00	; 0
    000006C2 00                    1878 	.db #0x00	; 0
    000006C3 00                    1879 	.db #0x00	; 0
    000006C4 00                    1880 	.db #0x00	; 0
    000006C5 00                    1881 	.db #0x00	; 0
    000006C6 1C                    1882 	.db #0x1c	; 28
    000006C7 00                    1883 	.db #0x00	; 0
    000006C8 FF                    1884 	.db #0xff	; 255
    000006C9 FF                    1885 	.db #0xff	; 255
    000006CA 3F                    1886 	.db #0x3f	; 63
    000006CB 7F                    1887 	.db #0x7f	; 127
    000006CC 2F                    1888 	.db #0x2f	; 47
    000006CD 1F                    1889 	.db #0x1f	; 31
    000006CE 1F                    1890 	.db #0x1f	; 31
    000006CF 0F                    1891 	.db #0x0f	; 15
    000006D0 07                    1892 	.db #0x07	; 7
    000006D1 0F                    1893 	.db #0x0f	; 15
    000006D2 0F                    1894 	.db #0x0f	; 15
    000006D3 07                    1895 	.db #0x07	; 7
    000006D4 03                    1896 	.db #0x03	; 3
    000006D5 07                    1897 	.db #0x07	; 7
    000006D6 07                    1898 	.db #0x07	; 7
    000006D7 03                    1899 	.db #0x03	; 3
    000006D8 FF                    1900 	.db #0xff	; 255
    000006D9 FF                    1901 	.db #0xff	; 255
    000006DA FF                    1902 	.db #0xff	; 255
    000006DB FF                    1903 	.db #0xff	; 255
    000006DC FE                    1904 	.db #0xfe	; 254
    000006DD FF                    1905 	.db #0xff	; 255
    000006DE FE                    1906 	.db #0xfe	; 254
    000006DF FF                    1907 	.db #0xff	; 255
    000006E0 FE                    1908 	.db #0xfe	; 254
    000006E1 FF                    1909 	.db #0xff	; 255
    000006E2 FE                    1910 	.db #0xfe	; 254
    000006E3 FF                    1911 	.db #0xff	; 255
    000006E4 FE                    1912 	.db #0xfe	; 254
    000006E5 FF                    1913 	.db #0xff	; 255
    000006E6 FE                    1914 	.db #0xfe	; 254
    000006E7 FF                    1915 	.db #0xff	; 255
    000006E8 0F                    1916 	.db #0x0f	; 15
    000006E9 FF                    1917 	.db #0xff	; 255
    000006EA 07                    1918 	.db #0x07	; 7
    000006EB FF                    1919 	.db #0xff	; 255
    000006EC 03                    1920 	.db #0x03	; 3
    000006ED FF                    1921 	.db #0xff	; 255
    000006EE 03                    1922 	.db #0x03	; 3
    000006EF FF                    1923 	.db #0xff	; 255
    000006F0 03                    1924 	.db #0x03	; 3
    000006F1 FF                    1925 	.db #0xff	; 255
    000006F2 03                    1926 	.db #0x03	; 3
    000006F3 FF                    1927 	.db #0xff	; 255
    000006F4 03                    1928 	.db #0x03	; 3
    000006F5 FF                    1929 	.db #0xff	; 255
    000006F6 07                    1930 	.db #0x07	; 7
    000006F7 FF                    1931 	.db #0xff	; 255
    000006F8 10                    1932 	.db #0x10	; 16
    000006F9 0F                    1933 	.db #0x0f	; 15
    000006FA 1F                    1934 	.db #0x1f	; 31
    000006FB 0F                    1935 	.db #0x0f	; 15
    000006FC 1F                    1936 	.db #0x1f	; 31
    000006FD 0F                    1937 	.db #0x0f	; 15
    000006FE 1F                    1938 	.db #0x1f	; 31
    000006FF 0F                    1939 	.db #0x0f	; 15
    00000700 1F                    1940 	.db #0x1f	; 31
    00000701 0F                    1941 	.db #0x0f	; 15
    00000702 1F                    1942 	.db #0x1f	; 31
    00000703 0F                    1943 	.db #0x0f	; 15
    00000704 1F                    1944 	.db #0x1f	; 31
    00000705 0F                    1945 	.db #0x0f	; 15
    00000706 1F                    1946 	.db #0x1f	; 31
    00000707 0F                    1947 	.db #0x0f	; 15
    00000708 00                    1948 	.db #0x00	; 0
    00000709 80                    1949 	.db #0x80	; 128
    0000070A 00                    1950 	.db #0x00	; 0
    0000070B 80                    1951 	.db #0x80	; 128
    0000070C 80                    1952 	.db #0x80	; 128
    0000070D 00                    1953 	.db #0x00	; 0
    0000070E 00                    1954 	.db #0x00	; 0
    0000070F 00                    1955 	.db #0x00	; 0
    00000710 00                    1956 	.db #0x00	; 0
    00000711 00                    1957 	.db #0x00	; 0
    00000712 00                    1958 	.db #0x00	; 0
    00000713 00                    1959 	.db #0x00	; 0
    00000714 00                    1960 	.db #0x00	; 0
    00000715 00                    1961 	.db #0x00	; 0
    00000716 00                    1962 	.db #0x00	; 0
    00000717 00                    1963 	.db #0x00	; 0
    00000718 1F                    1964 	.db #0x1f	; 31
    00000719 3F                    1965 	.db #0x3f	; 63
    0000071A 1F                    1966 	.db #0x1f	; 31
    0000071B 3F                    1967 	.db #0x3f	; 63
    0000071C 1F                    1968 	.db #0x1f	; 31
    0000071D 3F                    1969 	.db #0x3f	; 63
    0000071E 1F                    1970 	.db #0x1f	; 31
    0000071F 3F                    1971 	.db #0x3f	; 63
    00000720 1F                    1972 	.db #0x1f	; 31
    00000721 3F                    1973 	.db #0x3f	; 63
    00000722 1F                    1974 	.db #0x1f	; 31
    00000723 3F                    1975 	.db #0x3f	; 63
    00000724 1F                    1976 	.db #0x1f	; 31
    00000725 3F                    1977 	.db #0x3f	; 63
    00000726 1F                    1978 	.db #0x1f	; 31
    00000727 3F                    1979 	.db #0x3f	; 63
    00000728 FF                    1980 	.db #0xff	; 255
    00000729 FF                    1981 	.db #0xff	; 255
    0000072A FF                    1982 	.db #0xff	; 255
    0000072B FF                    1983 	.db #0xff	; 255
    0000072C FF                    1984 	.db #0xff	; 255
    0000072D FF                    1985 	.db #0xff	; 255
    0000072E FF                    1986 	.db #0xff	; 255
    0000072F FF                    1987 	.db #0xff	; 255
    00000730 80                    1988 	.db #0x80	; 128
    00000731 FF                    1989 	.db #0xff	; 255
    00000732 80                    1990 	.db #0x80	; 128
    00000733 FF                    1991 	.db #0xff	; 255
    00000734 80                    1992 	.db #0x80	; 128
    00000735 FF                    1993 	.db #0xff	; 255
    00000736 80                    1994 	.db #0x80	; 128
    00000737 FF                    1995 	.db #0xff	; 255
    00000738 C0                    1996 	.db #0xc0	; 192
    00000739 FF                    1997 	.db #0xff	; 255
    0000073A C0                    1998 	.db #0xc0	; 192
    0000073B FF                    1999 	.db #0xff	; 255
    0000073C C0                    2000 	.db #0xc0	; 192
    0000073D FF                    2001 	.db #0xff	; 255
    0000073E 80                    2002 	.db #0x80	; 128
    0000073F FF                    2003 	.db #0xff	; 255
    00000740 00                    2004 	.db #0x00	; 0
    00000741 FF                    2005 	.db #0xff	; 255
    00000742 00                    2006 	.db #0x00	; 0
    00000743 FF                    2007 	.db #0xff	; 255
    00000744 00                    2008 	.db #0x00	; 0
    00000745 FF                    2009 	.db #0xff	; 255
    00000746 00                    2010 	.db #0x00	; 0
    00000747 FF                    2011 	.db #0xff	; 255
    00000748 01                    2012 	.db #0x01	; 1
    00000749 FF                    2013 	.db #0xff	; 255
    0000074A 3F                    2014 	.db #0x3f	; 63
    0000074B FF                    2015 	.db #0xff	; 255
    0000074C 3F                    2016 	.db #0x3f	; 63
    0000074D FF                    2017 	.db #0xff	; 255
    0000074E 3F                    2018 	.db #0x3f	; 63
    0000074F FF                    2019 	.db #0xff	; 255
    00000750 3F                    2020 	.db #0x3f	; 63
    00000751 FF                    2021 	.db #0xff	; 255
    00000752 3F                    2022 	.db #0x3f	; 63
    00000753 FF                    2023 	.db #0xff	; 255
    00000754 0F                    2024 	.db #0x0f	; 15
    00000755 FF                    2025 	.db #0xff	; 255
    00000756 01                    2026 	.db #0x01	; 1
    00000757 FF                    2027 	.db #0xff	; 255
    00000758 E0                    2028 	.db #0xe0	; 224
    00000759 F0                    2029 	.db #0xf0	; 240
    0000075A F0                    2030 	.db #0xf0	; 240
    0000075B E0                    2031 	.db #0xe0	; 224
    0000075C F0                    2032 	.db #0xf0	; 240
    0000075D E0                    2033 	.db #0xe0	; 224
    0000075E F0                    2034 	.db #0xf0	; 240
    0000075F E0                    2035 	.db #0xe0	; 224
    00000760 F0                    2036 	.db #0xf0	; 240
    00000761 E0                    2037 	.db #0xe0	; 224
    00000762 F0                    2038 	.db #0xf0	; 240
    00000763 E0                    2039 	.db #0xe0	; 224
    00000764 F0                    2040 	.db #0xf0	; 240
    00000765 E0                    2041 	.db #0xe0	; 224
    00000766 F0                    2042 	.db #0xf0	; 240
    00000767 E0                    2043 	.db #0xe0	; 224
    00000768 0E                    2044 	.db #0x0e	; 14
    00000769 1C                    2045 	.db #0x1c	; 28
    0000076A 14                    2046 	.db #0x14	; 20
    0000076B 08                    2047 	.db #0x08	; 8
    0000076C 00                    2048 	.db #0x00	; 0
    0000076D 00                    2049 	.db #0x00	; 0
    0000076E 00                    2050 	.db #0x00	; 0
    0000076F 00                    2051 	.db #0x00	; 0
    00000770 00                    2052 	.db #0x00	; 0
    00000771 00                    2053 	.db #0x00	; 0
    00000772 00                    2054 	.db #0x00	; 0
    00000773 00                    2055 	.db #0x00	; 0
    00000774 00                    2056 	.db #0x00	; 0
    00000775 00                    2057 	.db #0x00	; 0
    00000776 07                    2058 	.db #0x07	; 7
    00000777 00                    2059 	.db #0x00	; 0
    00000778 07                    2060 	.db #0x07	; 7
    00000779 03                    2061 	.db #0x03	; 3
    0000077A 07                    2062 	.db #0x07	; 7
    0000077B 03                    2063 	.db #0x03	; 3
    0000077C 07                    2064 	.db #0x07	; 7
    0000077D 03                    2065 	.db #0x03	; 3
    0000077E 07                    2066 	.db #0x07	; 7
    0000077F 03                    2067 	.db #0x03	; 3
    00000780 07                    2068 	.db #0x07	; 7
    00000781 03                    2069 	.db #0x03	; 3
    00000782 07                    2070 	.db #0x07	; 7
    00000783 03                    2071 	.db #0x03	; 3
    00000784 03                    2072 	.db #0x03	; 3
    00000785 07                    2073 	.db #0x07	; 7
    00000786 F7                    2074 	.db #0xf7	; 247
    00000787 0F                    2075 	.db #0x0f	; 15
    00000788 00                    2076 	.db #0x00	; 0
    00000789 FF                    2077 	.db #0xff	; 255
    0000078A 80                    2078 	.db #0x80	; 128
    0000078B FF                    2079 	.db #0xff	; 255
    0000078C FF                    2080 	.db #0xff	; 255
    0000078D FF                    2081 	.db #0xff	; 255
    0000078E FF                    2082 	.db #0xff	; 255
    0000078F FF                    2083 	.db #0xff	; 255
    00000790 FF                    2084 	.db #0xff	; 255
    00000791 FF                    2085 	.db #0xff	; 255
    00000792 FF                    2086 	.db #0xff	; 255
    00000793 FF                    2087 	.db #0xff	; 255
    00000794 FF                    2088 	.db #0xff	; 255
    00000795 FF                    2089 	.db #0xff	; 255
    00000796 FF                    2090 	.db #0xff	; 255
    00000797 FF                    2091 	.db #0xff	; 255
    00000798 0F                    2092 	.db #0x0f	; 15
    00000799 FF                    2093 	.db #0xff	; 255
    0000079A 1F                    2094 	.db #0x1f	; 31
    0000079B FF                    2095 	.db #0xff	; 255
    0000079C FF                    2096 	.db #0xff	; 255
    0000079D FF                    2097 	.db #0xff	; 255
    0000079E FF                    2098 	.db #0xff	; 255
    0000079F FF                    2099 	.db #0xff	; 255
    000007A0 FF                    2100 	.db #0xff	; 255
    000007A1 FF                    2101 	.db #0xff	; 255
    000007A2 FF                    2102 	.db #0xff	; 255
    000007A3 FF                    2103 	.db #0xff	; 255
    000007A4 FF                    2104 	.db #0xff	; 255
    000007A5 FF                    2105 	.db #0xff	; 255
    000007A6 FF                    2106 	.db #0xff	; 255
    000007A7 FF                    2107 	.db #0xff	; 255
    000007A8 E0                    2108 	.db #0xe0	; 224
    000007A9 C0                    2109 	.db #0xc0	; 192
    000007AA E0                    2110 	.db #0xe0	; 224
    000007AB C0                    2111 	.db #0xc0	; 192
    000007AC F3                    2112 	.db #0xf3	; 243
    000007AD E0                    2113 	.db #0xe0	; 224
    000007AE FF                    2114 	.db #0xff	; 255
    000007AF FF                    2115 	.db #0xff	; 255
    000007B0 FF                    2116 	.db #0xff	; 255
    000007B1 FF                    2117 	.db #0xff	; 255
    000007B2 FF                    2118 	.db #0xff	; 255
    000007B3 FF                    2119 	.db #0xff	; 255
    000007B4 FF                    2120 	.db #0xff	; 255
    000007B5 FF                    2121 	.db #0xff	; 255
    000007B6 FF                    2122 	.db #0xff	; 255
    000007B7 FF                    2123 	.db #0xff	; 255
    000007B8 1F                    2124 	.db #0x1f	; 31
    000007B9 0F                    2125 	.db #0x0f	; 15
    000007BA 3F                    2126 	.db #0x3f	; 63
    000007BB 1F                    2127 	.db #0x1f	; 31
    000007BC FF                    2128 	.db #0xff	; 255
    000007BD 7F                    2129 	.db #0x7f	; 127
    000007BE FF                    2130 	.db #0xff	; 255
    000007BF FF                    2131 	.db #0xff	; 255
    000007C0 FF                    2132 	.db #0xff	; 255
    000007C1 FF                    2133 	.db #0xff	; 255
    000007C2 FF                    2134 	.db #0xff	; 255
    000007C3 FF                    2135 	.db #0xff	; 255
    000007C4 FF                    2136 	.db #0xff	; 255
    000007C5 FF                    2137 	.db #0xff	; 255
    000007C6 FF                    2138 	.db #0xff	; 255
    000007C7 FF                    2139 	.db #0xff	; 255
    000007C8 00                    2140 	.db #0x00	; 0
    000007C9 00                    2141 	.db #0x00	; 0
    000007CA 7E                    2142 	.db #0x7e	; 126
    000007CB 81                    2143 	.db #0x81	; 129
    000007CC FF                    2144 	.db #0xff	; 255
    000007CD FF                    2145 	.db #0xff	; 255
    000007CE FF                    2146 	.db #0xff	; 255
    000007CF FF                    2147 	.db #0xff	; 255
    000007D0 FF                    2148 	.db #0xff	; 255
    000007D1 FF                    2149 	.db #0xff	; 255
    000007D2 FF                    2150 	.db #0xff	; 255
    000007D3 FF                    2151 	.db #0xff	; 255
    000007D4 FF                    2152 	.db #0xff	; 255
    000007D5 FF                    2153 	.db #0xff	; 255
    000007D6 FF                    2154 	.db #0xff	; 255
    000007D7 FF                    2155 	.db #0xff	; 255
    000007D8 3F                    2156 	.db #0x3f	; 63
    000007D9 7F                    2157 	.db #0x7f	; 127
    000007DA FF                    2158 	.db #0xff	; 255
    000007DB FF                    2159 	.db #0xff	; 255
    000007DC FF                    2160 	.db #0xff	; 255
    000007DD FF                    2161 	.db #0xff	; 255
    000007DE FF                    2162 	.db #0xff	; 255
    000007DF FF                    2163 	.db #0xff	; 255
    000007E0 FF                    2164 	.db #0xff	; 255
    000007E1 FF                    2165 	.db #0xff	; 255
    000007E2 FF                    2166 	.db #0xff	; 255
    000007E3 FF                    2167 	.db #0xff	; 255
    000007E4 FF                    2168 	.db #0xff	; 255
    000007E5 FF                    2169 	.db #0xff	; 255
    000007E6 FF                    2170 	.db #0xff	; 255
    000007E7 FF                    2171 	.db #0xff	; 255
    000007E8 80                    2172 	.db #0x80	; 128
    000007E9 FF                    2173 	.db #0xff	; 255
    000007EA 80                    2174 	.db #0x80	; 128
    000007EB FF                    2175 	.db #0xff	; 255
    000007EC 80                    2176 	.db #0x80	; 128
    000007ED FF                    2177 	.db #0xff	; 255
    000007EE 80                    2178 	.db #0x80	; 128
    000007EF FF                    2179 	.db #0xff	; 255
    000007F0 80                    2180 	.db #0x80	; 128
    000007F1 FF                    2181 	.db #0xff	; 255
    000007F2 FF                    2182 	.db #0xff	; 255
    000007F3 FF                    2183 	.db #0xff	; 255
    000007F4 FF                    2184 	.db #0xff	; 255
    000007F5 FF                    2185 	.db #0xff	; 255
    000007F6 FF                    2186 	.db #0xff	; 255
    000007F7 FF                    2187 	.db #0xff	; 255
    000007F8 00                    2188 	.db #0x00	; 0
    000007F9 FF                    2189 	.db #0xff	; 255
    000007FA 00                    2190 	.db #0x00	; 0
    000007FB FF                    2191 	.db #0xff	; 255
    000007FC 00                    2192 	.db #0x00	; 0
    000007FD FF                    2193 	.db #0xff	; 255
    000007FE 00                    2194 	.db #0x00	; 0
    000007FF FF                    2195 	.db #0xff	; 255
    00000800 00                    2196 	.db #0x00	; 0
    00000801 FF                    2197 	.db #0xff	; 255
    00000802 FF                    2198 	.db #0xff	; 255
    00000803 FF                    2199 	.db #0xff	; 255
    00000804 FF                    2200 	.db #0xff	; 255
    00000805 FF                    2201 	.db #0xff	; 255
    00000806 FF                    2202 	.db #0xff	; 255
    00000807 FF                    2203 	.db #0xff	; 255
    00000808 01                    2204 	.db #0x01	; 1
    00000809 FF                    2205 	.db #0xff	; 255
    0000080A 01                    2206 	.db #0x01	; 1
    0000080B FF                    2207 	.db #0xff	; 255
    0000080C 01                    2208 	.db #0x01	; 1
    0000080D FF                    2209 	.db #0xff	; 255
    0000080E 01                    2210 	.db #0x01	; 1
    0000080F FF                    2211 	.db #0xff	; 255
    00000810 03                    2212 	.db #0x03	; 3
    00000811 FF                    2213 	.db #0xff	; 255
    00000812 FF                    2214 	.db #0xff	; 255
    00000813 FF                    2215 	.db #0xff	; 255
    00000814 FF                    2216 	.db #0xff	; 255
    00000815 FF                    2217 	.db #0xff	; 255
    00000816 FF                    2218 	.db #0xff	; 255
    00000817 FF                    2219 	.db #0xff	; 255
    00000818 F0                    2220 	.db #0xf0	; 240
    00000819 E0                    2221 	.db #0xe0	; 224
    0000081A F0                    2222 	.db #0xf0	; 240
    0000081B E0                    2223 	.db #0xe0	; 224
    0000081C F0                    2224 	.db #0xf0	; 240
    0000081D E0                    2225 	.db #0xe0	; 224
    0000081E E0                    2226 	.db #0xe0	; 224
    0000081F E0                    2227 	.db #0xe0	; 224
    00000820 E0                    2228 	.db #0xe0	; 224
    00000821 C0                    2229 	.db #0xc0	; 192
    00000822 E0                    2230 	.db #0xe0	; 224
    00000823 C0                    2231 	.db #0xc0	; 192
    00000824 F8                    2232 	.db #0xf8	; 248
    00000825 E0                    2233 	.db #0xe0	; 224
    00000826 FC                    2234 	.db #0xfc	; 252
    00000827 FF                    2235 	.db #0xff	; 255
    00000828 07                    2236 	.db #0x07	; 7
    00000829 0F                    2237 	.db #0x0f	; 15
    0000082A 1F                    2238 	.db #0x1f	; 31
    0000082B 0F                    2239 	.db #0x0f	; 15
    0000082C 1F                    2240 	.db #0x1f	; 31
    0000082D 0F                    2241 	.db #0x0f	; 15
    0000082E 1F                    2242 	.db #0x1f	; 31
    0000082F 0F                    2243 	.db #0x0f	; 15
    00000830 1F                    2244 	.db #0x1f	; 31
    00000831 0F                    2245 	.db #0x0f	; 15
    00000832 0F                    2246 	.db #0x0f	; 15
    00000833 1F                    2247 	.db #0x1f	; 31
    00000834 3F                    2248 	.db #0x3f	; 63
    00000835 1F                    2249 	.db #0x1f	; 31
    00000836 7F                    2250 	.db #0x7f	; 127
    00000837 FF                    2251 	.db #0xff	; 255
    00000838 FF                    2252 	.db #0xff	; 255
    00000839 FF                    2253 	.db #0xff	; 255
    0000083A FF                    2254 	.db #0xff	; 255
    0000083B FF                    2255 	.db #0xff	; 255
    0000083C FF                    2256 	.db #0xff	; 255
    0000083D FF                    2257 	.db #0xff	; 255
    0000083E FF                    2258 	.db #0xff	; 255
    0000083F FF                    2259 	.db #0xff	; 255
    00000840 FF                    2260 	.db #0xff	; 255
    00000841 FF                    2261 	.db #0xff	; 255
    00000842 FF                    2262 	.db #0xff	; 255
    00000843 FF                    2263 	.db #0xff	; 255
    00000844 C3                    2264 	.db #0xc3	; 195
    00000845 FF                    2265 	.db #0xff	; 255
    00000846 83                    2266 	.db #0x83	; 131
    00000847 80                    2267 	.db #0x80	; 128
    00000848 FF                    2268 	.db #0xff	; 255
    00000849 FF                    2269 	.db #0xff	; 255
    0000084A FF                    2270 	.db #0xff	; 255
    0000084B FF                    2271 	.db #0xff	; 255
    0000084C FF                    2272 	.db #0xff	; 255
    0000084D FF                    2273 	.db #0xff	; 255
    0000084E FF                    2274 	.db #0xff	; 255
    0000084F FF                    2275 	.db #0xff	; 255
    00000850 FF                    2276 	.db #0xff	; 255
    00000851 FF                    2277 	.db #0xff	; 255
    00000852 FF                    2278 	.db #0xff	; 255
    00000853 FF                    2279 	.db #0xff	; 255
    00000854 E1                    2280 	.db #0xe1	; 225
    00000855 FF                    2281 	.db #0xff	; 255
    00000856 E0                    2282 	.db #0xe0	; 224
    00000857 C0                    2283 	.db #0xc0	; 192
    00000858 FF                    2284 	.db #0xff	; 255
    00000859 FF                    2285 	.db #0xff	; 255
    0000085A FF                    2286 	.db #0xff	; 255
    0000085B FF                    2287 	.db #0xff	; 255
    0000085C FF                    2288 	.db #0xff	; 255
    0000085D FF                    2289 	.db #0xff	; 255
    0000085E FF                    2290 	.db #0xff	; 255
    0000085F FF                    2291 	.db #0xff	; 255
    00000860 FF                    2292 	.db #0xff	; 255
    00000861 FF                    2293 	.db #0xff	; 255
    00000862 FF                    2294 	.db #0xff	; 255
    00000863 FF                    2295 	.db #0xff	; 255
    00000864 F8                    2296 	.db #0xf8	; 248
    00000865 FF                    2297 	.db #0xff	; 255
    00000866 F8                    2298 	.db #0xf8	; 248
    00000867 70                    2299 	.db #0x70	; 112	'p'
    00000868 FF                    2300 	.db #0xff	; 255
    00000869 FF                    2301 	.db #0xff	; 255
    0000086A FF                    2302 	.db #0xff	; 255
    0000086B FF                    2303 	.db #0xff	; 255
    0000086C FF                    2304 	.db #0xff	; 255
    0000086D FF                    2305 	.db #0xff	; 255
    0000086E FF                    2306 	.db #0xff	; 255
    0000086F FF                    2307 	.db #0xff	; 255
    00000870 FF                    2308 	.db #0xff	; 255
    00000871 FF                    2309 	.db #0xff	; 255
    00000872 FF                    2310 	.db #0xff	; 255
    00000873 FF                    2311 	.db #0xff	; 255
    00000874 0F                    2312 	.db #0x0f	; 15
    00000875 FF                    2313 	.db #0xff	; 255
    00000876 0D                    2314 	.db #0x0d	; 13
    00000877 0E                    2315 	.db #0x0e	; 14
    00000878 FF                    2316 	.db #0xff	; 255
    00000879 FF                    2317 	.db #0xff	; 255
    0000087A FF                    2318 	.db #0xff	; 255
    0000087B FF                    2319 	.db #0xff	; 255
    0000087C FF                    2320 	.db #0xff	; 255
    0000087D FF                    2321 	.db #0xff	; 255
    0000087E FF                    2322 	.db #0xff	; 255
    0000087F FF                    2323 	.db #0xff	; 255
    00000880 FF                    2324 	.db #0xff	; 255
    00000881 FF                    2325 	.db #0xff	; 255
    00000882 FF                    2326 	.db #0xff	; 255
    00000883 FF                    2327 	.db #0xff	; 255
    00000884 0F                    2328 	.db #0x0f	; 15
    00000885 FF                    2329 	.db #0xff	; 255
    00000886 07                    2330 	.db #0x07	; 7
    00000887 0F                    2331 	.db #0x0f	; 15
    00000888 FF                    2332 	.db #0xff	; 255
    00000889 FF                    2333 	.db #0xff	; 255
    0000088A FF                    2334 	.db #0xff	; 255
    0000088B FF                    2335 	.db #0xff	; 255
    0000088C FF                    2336 	.db #0xff	; 255
    0000088D FF                    2337 	.db #0xff	; 255
    0000088E FF                    2338 	.db #0xff	; 255
    0000088F FF                    2339 	.db #0xff	; 255
    00000890 FF                    2340 	.db #0xff	; 255
    00000891 FF                    2341 	.db #0xff	; 255
    00000892 FF                    2342 	.db #0xff	; 255
    00000893 FF                    2343 	.db #0xff	; 255
    00000894 C7                    2344 	.db #0xc7	; 199
    00000895 FF                    2345 	.db #0xff	; 255
    00000896 87                    2346 	.db #0x87	; 135
    00000897 03                    2347 	.db #0x03	; 3
    00000898 FF                    2348 	.db #0xff	; 255
    00000899 FF                    2349 	.db #0xff	; 255
    0000089A FF                    2350 	.db #0xff	; 255
    0000089B FF                    2351 	.db #0xff	; 255
    0000089C FF                    2352 	.db #0xff	; 255
    0000089D FF                    2353 	.db #0xff	; 255
    0000089E FF                    2354 	.db #0xff	; 255
    0000089F FF                    2355 	.db #0xff	; 255
    000008A0 FF                    2356 	.db #0xff	; 255
    000008A1 FF                    2357 	.db #0xff	; 255
    000008A2 FF                    2358 	.db #0xff	; 255
    000008A3 FF                    2359 	.db #0xff	; 255
    000008A4 FE                    2360 	.db #0xfe	; 254
    000008A5 FF                    2361 	.db #0xff	; 255
    000008A6 FA                    2362 	.db #0xfa	; 250
    000008A7 FC                    2363 	.db #0xfc	; 252
    000008A8 FF                    2364 	.db #0xff	; 255
    000008A9 FF                    2365 	.db #0xff	; 255
    000008AA FF                    2366 	.db #0xff	; 255
    000008AB FF                    2367 	.db #0xff	; 255
    000008AC FF                    2368 	.db #0xff	; 255
    000008AD FF                    2369 	.db #0xff	; 255
    000008AE FF                    2370 	.db #0xff	; 255
    000008AF FF                    2371 	.db #0xff	; 255
    000008B0 FF                    2372 	.db #0xff	; 255
    000008B1 FF                    2373 	.db #0xff	; 255
    000008B2 FF                    2374 	.db #0xff	; 255
    000008B3 FF                    2375 	.db #0xff	; 255
    000008B4 18                    2376 	.db #0x18	; 24
    000008B5 FF                    2377 	.db #0xff	; 255
    000008B6 00                    2378 	.db #0x00	; 0
    000008B7 18                    2379 	.db #0x18	; 24
    000008B8 FF                    2380 	.db #0xff	; 255
    000008B9 FF                    2381 	.db #0xff	; 255
    000008BA FF                    2382 	.db #0xff	; 255
    000008BB FF                    2383 	.db #0xff	; 255
    000008BC FF                    2384 	.db #0xff	; 255
    000008BD FF                    2385 	.db #0xff	; 255
    000008BE FF                    2386 	.db #0xff	; 255
    000008BF FF                    2387 	.db #0xff	; 255
    000008C0 FF                    2388 	.db #0xff	; 255
    000008C1 FF                    2389 	.db #0xff	; 255
    000008C2 FF                    2390 	.db #0xff	; 255
    000008C3 FF                    2391 	.db #0xff	; 255
    000008C4 03                    2392 	.db #0x03	; 3
    000008C5 FF                    2393 	.db #0xff	; 255
    000008C6 03                    2394 	.db #0x03	; 3
    000008C7 01                    2395 	.db #0x01	; 1
    000008C8 FF                    2396 	.db #0xff	; 255
    000008C9 FF                    2397 	.db #0xff	; 255
    000008CA FF                    2398 	.db #0xff	; 255
    000008CB FF                    2399 	.db #0xff	; 255
    000008CC FF                    2400 	.db #0xff	; 255
    000008CD FF                    2401 	.db #0xff	; 255
    000008CE FF                    2402 	.db #0xff	; 255
    000008CF FF                    2403 	.db #0xff	; 255
    000008D0 FF                    2404 	.db #0xff	; 255
    000008D1 FF                    2405 	.db #0xff	; 255
    000008D2 FF                    2406 	.db #0xff	; 255
    000008D3 FF                    2407 	.db #0xff	; 255
    000008D4 E7                    2408 	.db #0xe7	; 231
    000008D5 FF                    2409 	.db #0xff	; 255
    000008D6 C3                    2410 	.db #0xc3	; 195
    000008D7 C7                    2411 	.db #0xc7	; 199
    000008D8 FF                    2412 	.db #0xff	; 255
    000008D9 FF                    2413 	.db #0xff	; 255
    000008DA FF                    2414 	.db #0xff	; 255
    000008DB FF                    2415 	.db #0xff	; 255
    000008DC FF                    2416 	.db #0xff	; 255
    000008DD FF                    2417 	.db #0xff	; 255
    000008DE FF                    2418 	.db #0xff	; 255
    000008DF FF                    2419 	.db #0xff	; 255
    000008E0 FF                    2420 	.db #0xff	; 255
    000008E1 FF                    2421 	.db #0xff	; 255
    000008E2 FF                    2422 	.db #0xff	; 255
    000008E3 FF                    2423 	.db #0xff	; 255
    000008E4 E0                    2424 	.db #0xe0	; 224
    000008E5 FF                    2425 	.db #0xff	; 255
    000008E6 E0                    2426 	.db #0xe0	; 224
    000008E7 60                    2427 	.db #0x60	; 96
    000008E8 FF                    2428 	.db #0xff	; 255
    000008E9 FF                    2429 	.db #0xff	; 255
    000008EA FF                    2430 	.db #0xff	; 255
    000008EB FF                    2431 	.db #0xff	; 255
    000008EC FF                    2432 	.db #0xff	; 255
    000008ED FF                    2433 	.db #0xff	; 255
    000008EE FF                    2434 	.db #0xff	; 255
    000008EF FF                    2435 	.db #0xff	; 255
    000008F0 FF                    2436 	.db #0xff	; 255
    000008F1 FF                    2437 	.db #0xff	; 255
    000008F2 FF                    2438 	.db #0xff	; 255
    000008F3 FF                    2439 	.db #0xff	; 255
    000008F4 0F                    2440 	.db #0x0f	; 15
    000008F5 FF                    2441 	.db #0xff	; 255
    000008F6 07                    2442 	.db #0x07	; 7
    000008F7 07                    2443 	.db #0x07	; 7
    000008F8 88                    2444 	.db #0x88	; 136
    000008F9 80                    2445 	.db #0x80	; 128
    000008FA 9C                    2446 	.db #0x9c	; 156
    000008FB 8C                    2447 	.db #0x8c	; 140
    000008FC 9E                    2448 	.db #0x9e	; 158
    000008FD 8E                    2449 	.db #0x8e	; 142
    000008FE 9E                    2450 	.db #0x9e	; 158
    000008FF 8E                    2451 	.db #0x8e	; 142
    00000900 9E                    2452 	.db #0x9e	; 158
    00000901 8C                    2453 	.db #0x8c	; 140
    00000902 9C                    2454 	.db #0x9c	; 156
    00000903 88                    2455 	.db #0x88	; 136
    00000904 80                    2456 	.db #0x80	; 128
    00000905 80                    2457 	.db #0x80	; 128
    00000906 83                    2458 	.db #0x83	; 131
    00000907 81                    2459 	.db #0x81	; 129
    00000908 E6                    2460 	.db #0xe6	; 230
    00000909 40                    2461 	.db #0x40	; 64
    0000090A 27                    2462 	.db #0x27	; 39
    0000090B 47                    2463 	.db #0x47	; 71	'G'
    0000090C 27                    2464 	.db #0x27	; 39
    0000090D 47                    2465 	.db #0x47	; 71	'G'
    0000090E 27                    2466 	.db #0x27	; 39
    0000090F 47                    2467 	.db #0x47	; 71	'G'
    00000910 26                    2468 	.db #0x26	; 38
    00000911 47                    2469 	.db #0x47	; 71	'G'
    00000912 60                    2470 	.db #0x60	; 96
    00000913 40                    2471 	.db #0x40	; 64
    00000914 60                    2472 	.db #0x60	; 96
    00000915 C0                    2473 	.db #0xc0	; 192
    00000916 E6                    2474 	.db #0xe6	; 230
    00000917 C6                    2475 	.db #0xc6	; 198
    00000918 39                    2476 	.db #0x39	; 57	'9'
    00000919 30                    2477 	.db #0x30	; 48	'0'
    0000091A 19                    2478 	.db #0x19	; 25
    0000091B 11                    2479 	.db #0x11	; 17
    0000091C 19                    2480 	.db #0x19	; 25
    0000091D 11                    2481 	.db #0x11	; 17
    0000091E 19                    2482 	.db #0x19	; 25
    0000091F 11                    2483 	.db #0x11	; 17
    00000920 39                    2484 	.db #0x39	; 57	'9'
    00000921 30                    2485 	.db #0x30	; 48	'0'
    00000922 78                    2486 	.db #0x78	; 120	'x'
    00000923 30                    2487 	.db #0x30	; 48	'0'
    00000924 78                    2488 	.db #0x78	; 120	'x'
    00000925 71                    2489 	.db #0x71	; 113	'q'
    00000926 79                    2490 	.db #0x79	; 121	'y'
    00000927 31                    2491 	.db #0x31	; 49	'1'
    00000928 FC                    2492 	.db #0xfc	; 252
    00000929 0C                    2493 	.db #0x0c	; 12
    0000092A F8                    2494 	.db #0xf8	; 248
    0000092B F8                    2495 	.db #0xf8	; 248
    0000092C F8                    2496 	.db #0xf8	; 248
    0000092D F8                    2497 	.db #0xf8	; 248
    0000092E F8                    2498 	.db #0xf8	; 248
    0000092F F8                    2499 	.db #0xf8	; 248
    00000930 EC                    2500 	.db #0xec	; 236
    00000931 1C                    2501 	.db #0x1c	; 28
    00000932 0C                    2502 	.db #0x0c	; 12
    00000933 1E                    2503 	.db #0x1e	; 30
    00000934 1E                    2504 	.db #0x1e	; 30
    00000935 FF                    2505 	.db #0xff	; 255
    00000936 FF                    2506 	.db #0xff	; 255
    00000937 FF                    2507 	.db #0xff	; 255
    00000938 77                    2508 	.db #0x77	; 119	'w'
    00000939 06                    2509 	.db #0x06	; 6
    0000093A F6                    2510 	.db #0xf6	; 246
    0000093B FC                    2511 	.db #0xfc	; 252
    0000093C FE                    2512 	.db #0xfe	; 254
    0000093D FC                    2513 	.db #0xfc	; 252
    0000093E 7E                    2514 	.db #0x7e	; 126
    0000093F FC                    2515 	.db #0xfc	; 252
    00000940 5E                    2516 	.db #0x5e	; 94
    00000941 3E                    2517 	.db #0x3e	; 62
    00000942 0F                    2518 	.db #0x0f	; 15
    00000943 0F                    2519 	.db #0x0f	; 15
    00000944 07                    2520 	.db #0x07	; 7
    00000945 87                    2521 	.db #0x87	; 135
    00000946 E3                    2522 	.db #0xe3	; 227
    00000947 C7                    2523 	.db #0xc7	; 199
    00000948 3B                    2524 	.db #0x3b	; 59
    00000949 03                    2525 	.db #0x03	; 3
    0000094A 3B                    2526 	.db #0x3b	; 59
    0000094B 7F                    2527 	.db #0x7f	; 127
    0000094C 7F                    2528 	.db #0x7f	; 127
    0000094D 7F                    2529 	.db #0x7f	; 127
    0000094E 3F                    2530 	.db #0x3f	; 63
    0000094F 3F                    2531 	.db #0x3f	; 63
    00000950 3F                    2532 	.db #0x3f	; 63
    00000951 0F                    2533 	.db #0x0f	; 15
    00000952 83                    2534 	.db #0x83	; 131
    00000953 07                    2535 	.db #0x07	; 7
    00000954 83                    2536 	.db #0x83	; 131
    00000955 C3                    2537 	.db #0xc3	; 195
    00000956 E3                    2538 	.db #0xe3	; 227
    00000957 F1                    2539 	.db #0xf1	; 241
    00000958 F9                    2540 	.db #0xf9	; 249
    00000959 F8                    2541 	.db #0xf8	; 248
    0000095A F1                    2542 	.db #0xf1	; 241
    0000095B F1                    2543 	.db #0xf1	; 241
    0000095C F1                    2544 	.db #0xf1	; 241
    0000095D F1                    2545 	.db #0xf1	; 241
    0000095E F0                    2546 	.db #0xf0	; 240
    0000095F F1                    2547 	.db #0xf1	; 241
    00000960 F8                    2548 	.db #0xf8	; 248
    00000961 F8                    2549 	.db #0xf8	; 248
    00000962 F8                    2550 	.db #0xf8	; 248
    00000963 FC                    2551 	.db #0xfc	; 252
    00000964 FC                    2552 	.db #0xfc	; 252
    00000965 FF                    2553 	.db #0xff	; 255
    00000966 FF                    2554 	.db #0xff	; 255
    00000967 FF                    2555 	.db #0xff	; 255
    00000968 EF                    2556 	.db #0xef	; 239
    00000969 08                    2557 	.db #0x08	; 8
    0000096A EF                    2558 	.db #0xef	; 239
    0000096B FF                    2559 	.db #0xff	; 255
    0000096C FF                    2560 	.db #0xff	; 255
    0000096D FF                    2561 	.db #0xff	; 255
    0000096E FF                    2562 	.db #0xff	; 255
    0000096F FF                    2563 	.db #0xff	; 255
    00000970 BF                    2564 	.db #0xbf	; 191
    00000971 7F                    2565 	.db #0x7f	; 127
    00000972 1F                    2566 	.db #0x1f	; 31
    00000973 1F                    2567 	.db #0x1f	; 31
    00000974 0F                    2568 	.db #0x0f	; 15
    00000975 0F                    2569 	.db #0x0f	; 15
    00000976 C7                    2570 	.db #0xc7	; 199
    00000977 8F                    2571 	.db #0x8f	; 143
    00000978 1D                    2572 	.db #0x1d	; 29
    00000979 03                    2573 	.db #0x03	; 3
    0000097A 9F                    2574 	.db #0x9f	; 159
    0000097B 1F                    2575 	.db #0x1f	; 31
    0000097C 9F                    2576 	.db #0x9f	; 159
    0000097D 1F                    2577 	.db #0x1f	; 31
    0000097E 9F                    2578 	.db #0x9f	; 159
    0000097F 1F                    2579 	.db #0x1f	; 31
    00000980 9F                    2580 	.db #0x9f	; 159
    00000981 1F                    2581 	.db #0x1f	; 31
    00000982 9F                    2582 	.db #0x9f	; 159
    00000983 1F                    2583 	.db #0x1f	; 31
    00000984 9F                    2584 	.db #0x9f	; 159
    00000985 1F                    2585 	.db #0x1f	; 31
    00000986 9F                    2586 	.db #0x9f	; 159
    00000987 1E                    2587 	.db #0x1e	; 30
    00000988 83                    2588 	.db #0x83	; 131
    00000989 C3                    2589 	.db #0xc3	; 195
    0000098A 93                    2590 	.db #0x93	; 147
    0000098B C3                    2591 	.db #0xc3	; 195
    0000098C 93                    2592 	.db #0x93	; 147
    0000098D 81                    2593 	.db #0x81	; 129
    0000098E 93                    2594 	.db #0x93	; 147
    0000098F 81                    2595 	.db #0x81	; 129
    00000990 13                    2596 	.db #0x13	; 19
    00000991 99                    2597 	.db #0x99	; 153
    00000992 11                    2598 	.db #0x11	; 17
    00000993 19                    2599 	.db #0x19	; 25
    00000994 10                    2600 	.db #0x10	; 16
    00000995 39                    2601 	.db #0x39	; 57	'9'
    00000996 38                    2602 	.db #0x38	; 56	'8'
    00000997 00                    2603 	.db #0x00	; 0
    00000998 E6                    2604 	.db #0xe6	; 230
    00000999 C0                    2605 	.db #0xc0	; 192
    0000099A E7                    2606 	.db #0xe7	; 231
    0000099B C7                    2607 	.db #0xc7	; 199
    0000099C E7                    2608 	.db #0xe7	; 231
    0000099D C7                    2609 	.db #0xc7	; 199
    0000099E E7                    2610 	.db #0xe7	; 231
    0000099F C7                    2611 	.db #0xc7	; 199
    000009A0 E6                    2612 	.db #0xe6	; 230
    000009A1 C7                    2613 	.db #0xc7	; 199
    000009A2 E0                    2614 	.db #0xe0	; 224
    000009A3 C0                    2615 	.db #0xc0	; 192
    000009A4 E0                    2616 	.db #0xe0	; 224
    000009A5 C0                    2617 	.db #0xc0	; 192
    000009A6 E4                    2618 	.db #0xe4	; 228
    000009A7 C6                    2619 	.db #0xc6	; 198
    000009A8 3E                    2620 	.db #0x3e	; 62
    000009A9 20                    2621 	.db #0x20	; 32
    000009AA 3C                    2622 	.db #0x3c	; 60
    000009AB 1E                    2623 	.db #0x1e	; 30
    000009AC 1C                    2624 	.db #0x1c	; 28
    000009AD 1E                    2625 	.db #0x1e	; 30
    000009AE 1C                    2626 	.db #0x1c	; 28
    000009AF 1E                    2627 	.db #0x1e	; 30
    000009B0 3C                    2628 	.db #0x3c	; 60
    000009B1 3E                    2629 	.db #0x3e	; 62
    000009B2 7C                    2630 	.db #0x7c	; 124
    000009B3 3E                    2631 	.db #0x3e	; 62
    000009B4 FC                    2632 	.db #0xfc	; 252
    000009B5 7E                    2633 	.db #0x7e	; 126
    000009B6 7C                    2634 	.db #0x7c	; 124
    000009B7 3E                    2635 	.db #0x3e	; 62
    000009B8 7F                    2636 	.db #0x7f	; 127
    000009B9 07                    2637 	.db #0x07	; 7
    000009BA 7F                    2638 	.db #0x7f	; 127
    000009BB 7F                    2639 	.db #0x7f	; 127
    000009BC 7F                    2640 	.db #0x7f	; 127
    000009BD 7F                    2641 	.db #0x7f	; 127
    000009BE 7F                    2642 	.db #0x7f	; 127
    000009BF 7F                    2643 	.db #0x7f	; 127
    000009C0 7F                    2644 	.db #0x7f	; 127
    000009C1 7F                    2645 	.db #0x7f	; 127
    000009C2 7F                    2646 	.db #0x7f	; 127
    000009C3 7F                    2647 	.db #0x7f	; 127
    000009C4 7F                    2648 	.db #0x7f	; 127
    000009C5 7F                    2649 	.db #0x7f	; 127
    000009C6 7F                    2650 	.db #0x7f	; 127
    000009C7 7F                    2651 	.db #0x7f	; 127
    000009C8 9F                    2652 	.db #0x9f	; 159
    000009C9 8F                    2653 	.db #0x8f	; 143
    000009CA 9F                    2654 	.db #0x9f	; 159
    000009CB 8F                    2655 	.db #0x8f	; 143
    000009CC 9F                    2656 	.db #0x9f	; 159
    000009CD 8F                    2657 	.db #0x8f	; 143
    000009CE 9F                    2658 	.db #0x9f	; 159
    000009CF 8F                    2659 	.db #0x8f	; 143
    000009D0 9F                    2660 	.db #0x9f	; 159
    000009D1 8F                    2661 	.db #0x8f	; 143
    000009D2 FF                    2662 	.db #0xff	; 255
    000009D3 FF                    2663 	.db #0xff	; 255
    000009D4 FF                    2664 	.db #0xff	; 255
    000009D5 FF                    2665 	.db #0xff	; 255
    000009D6 FF                    2666 	.db #0xff	; 255
    000009D7 FF                    2667 	.db #0xff	; 255
    000009D8 E7                    2668 	.db #0xe7	; 231
    000009D9 C6                    2669 	.db #0xc6	; 198
    000009DA E7                    2670 	.db #0xe7	; 231
    000009DB C7                    2671 	.db #0xc7	; 199
    000009DC E7                    2672 	.db #0xe7	; 231
    000009DD C7                    2673 	.db #0xc7	; 199
    000009DE E7                    2674 	.db #0xe7	; 231
    000009DF C7                    2675 	.db #0xc7	; 199
    000009E0 E7                    2676 	.db #0xe7	; 231
    000009E1 C7                    2677 	.db #0xc7	; 199
    000009E2 FF                    2678 	.db #0xff	; 255
    000009E3 FF                    2679 	.db #0xff	; 255
    000009E4 FF                    2680 	.db #0xff	; 255
    000009E5 FF                    2681 	.db #0xff	; 255
    000009E6 FF                    2682 	.db #0xff	; 255
    000009E7 FF                    2683 	.db #0xff	; 255
    000009E8 39                    2684 	.db #0x39	; 57	'9'
    000009E9 31                    2685 	.db #0x31	; 49	'1'
    000009EA 19                    2686 	.db #0x19	; 25
    000009EB 31                    2687 	.db #0x31	; 49	'1'
    000009EC 19                    2688 	.db #0x19	; 25
    000009ED 11                    2689 	.db #0x11	; 17
    000009EE 18                    2690 	.db #0x18	; 24
    000009EF 10                    2691 	.db #0x10	; 16
    000009F0 80                    2692 	.db #0x80	; 128
    000009F1 18                    2693 	.db #0x18	; 24
    000009F2 FF                    2694 	.db #0xff	; 255
    000009F3 FF                    2695 	.db #0xff	; 255
    000009F4 FF                    2696 	.db #0xff	; 255
    000009F5 FF                    2697 	.db #0xff	; 255
    000009F6 FF                    2698 	.db #0xff	; 255
    000009F7 FF                    2699 	.db #0xff	; 255
    000009F8 FF                    2700 	.db #0xff	; 255
    000009F9 FF                    2701 	.db #0xff	; 255
    000009FA FF                    2702 	.db #0xff	; 255
    000009FB FF                    2703 	.db #0xff	; 255
    000009FC FD                    2704 	.db #0xfd	; 253
    000009FD F9                    2705 	.db #0xf9	; 249
    000009FE 08                    2706 	.db #0x08	; 8
    000009FF 08                    2707 	.db #0x08	; 8
    00000A00 0C                    2708 	.db #0x0c	; 12
    00000A01 0C                    2709 	.db #0x0c	; 12
    00000A02 FF                    2710 	.db #0xff	; 255
    00000A03 FF                    2711 	.db #0xff	; 255
    00000A04 FF                    2712 	.db #0xff	; 255
    00000A05 FF                    2713 	.db #0xff	; 255
    00000A06 FF                    2714 	.db #0xff	; 255
    00000A07 FF                    2715 	.db #0xff	; 255
    00000A08 E7                    2716 	.db #0xe7	; 231
    00000A09 E3                    2717 	.db #0xe3	; 227
    00000A0A E7                    2718 	.db #0xe7	; 231
    00000A0B E3                    2719 	.db #0xe3	; 227
    00000A0C E0                    2720 	.db #0xe0	; 224
    00000A0D C6                    2721 	.db #0xc6	; 198
    00000A0E 06                    2722 	.db #0x06	; 6
    00000A0F 0C                    2723 	.db #0x0c	; 12
    00000A10 3F                    2724 	.db #0x3f	; 63
    00000A11 1E                    2725 	.db #0x1e	; 30
    00000A12 FF                    2726 	.db #0xff	; 255
    00000A13 FF                    2727 	.db #0xff	; 255
    00000A14 FF                    2728 	.db #0xff	; 255
    00000A15 FF                    2729 	.db #0xff	; 255
    00000A16 FF                    2730 	.db #0xff	; 255
    00000A17 FF                    2731 	.db #0xff	; 255
    00000A18 F1                    2732 	.db #0xf1	; 241
    00000A19 F1                    2733 	.db #0xf1	; 241
    00000A1A F1                    2734 	.db #0xf1	; 241
    00000A1B F1                    2735 	.db #0xf1	; 241
    00000A1C 63                    2736 	.db #0x63	; 99	'c'
    00000A1D F1                    2737 	.db #0xf1	; 241
    00000A1E 07                    2738 	.db #0x07	; 7
    00000A1F 03                    2739 	.db #0x03	; 3
    00000A20 0F                    2740 	.db #0x0f	; 15
    00000A21 0F                    2741 	.db #0x0f	; 15
    00000A22 FF                    2742 	.db #0xff	; 255
    00000A23 FF                    2743 	.db #0xff	; 255
    00000A24 FF                    2744 	.db #0xff	; 255
    00000A25 FF                    2745 	.db #0xff	; 255
    00000A26 FF                    2746 	.db #0xff	; 255
    00000A27 FF                    2747 	.db #0xff	; 255
    00000A28 FF                    2748 	.db #0xff	; 255
    00000A29 FF                    2749 	.db #0xff	; 255
    00000A2A FF                    2750 	.db #0xff	; 255
    00000A2B FF                    2751 	.db #0xff	; 255
    00000A2C FF                    2752 	.db #0xff	; 255
    00000A2D F3                    2753 	.db #0xf3	; 243
    00000A2E F0                    2754 	.db #0xf0	; 240
    00000A2F F0                    2755 	.db #0xf0	; 240
    00000A30 F8                    2756 	.db #0xf8	; 248
    00000A31 F8                    2757 	.db #0xf8	; 248
    00000A32 FF                    2758 	.db #0xff	; 255
    00000A33 FF                    2759 	.db #0xff	; 255
    00000A34 FF                    2760 	.db #0xff	; 255
    00000A35 FF                    2761 	.db #0xff	; 255
    00000A36 FF                    2762 	.db #0xff	; 255
    00000A37 FF                    2763 	.db #0xff	; 255
    00000A38 CF                    2764 	.db #0xcf	; 207
    00000A39 C7                    2765 	.db #0xc7	; 199
    00000A3A CF                    2766 	.db #0xcf	; 207
    00000A3B C7                    2767 	.db #0xc7	; 199
    00000A3C C7                    2768 	.db #0xc7	; 199
    00000A3D 8F                    2769 	.db #0x8f	; 143
    00000A3E 0F                    2770 	.db #0x0f	; 15
    00000A3F 1F                    2771 	.db #0x1f	; 31
    00000A40 7F                    2772 	.db #0x7f	; 127
    00000A41 3F                    2773 	.db #0x3f	; 63
    00000A42 FF                    2774 	.db #0xff	; 255
    00000A43 FF                    2775 	.db #0xff	; 255
    00000A44 FF                    2776 	.db #0xff	; 255
    00000A45 FF                    2777 	.db #0xff	; 255
    00000A46 FF                    2778 	.db #0xff	; 255
    00000A47 FF                    2779 	.db #0xff	; 255
    00000A48 9F                    2780 	.db #0x9f	; 159
    00000A49 1E                    2781 	.db #0x1e	; 30
    00000A4A 9E                    2782 	.db #0x9e	; 158
    00000A4B 1E                    2783 	.db #0x1e	; 30
    00000A4C 9E                    2784 	.db #0x9e	; 158
    00000A4D 1E                    2785 	.db #0x1e	; 30
    00000A4E 9C                    2786 	.db #0x9c	; 156
    00000A4F 1E                    2787 	.db #0x1e	; 30
    00000A50 9C                    2788 	.db #0x9c	; 156
    00000A51 1C                    2789 	.db #0x1c	; 28
    00000A52 FF                    2790 	.db #0xff	; 255
    00000A53 FF                    2791 	.db #0xff	; 255
    00000A54 FF                    2792 	.db #0xff	; 255
    00000A55 FF                    2793 	.db #0xff	; 255
    00000A56 FF                    2794 	.db #0xff	; 255
    00000A57 FF                    2795 	.db #0xff	; 255
    00000A58 00                    2796 	.db #0x00	; 0
    00000A59 00                    2797 	.db #0x00	; 0
    00000A5A 44                    2798 	.db #0x44	; 68	'D'
    00000A5B 38                    2799 	.db #0x38	; 56	'8'
    00000A5C 3C                    2800 	.db #0x3c	; 60
    00000A5D 7C                    2801 	.db #0x7c	; 124
    00000A5E 7C                    2802 	.db #0x7c	; 124
    00000A5F 7C                    2803 	.db #0x7c	; 124
    00000A60 FE                    2804 	.db #0xfe	; 254
    00000A61 7E                    2805 	.db #0x7e	; 126
    00000A62 FF                    2806 	.db #0xff	; 255
    00000A63 FF                    2807 	.db #0xff	; 255
    00000A64 FF                    2808 	.db #0xff	; 255
    00000A65 FF                    2809 	.db #0xff	; 255
    00000A66 FF                    2810 	.db #0xff	; 255
    00000A67 FF                    2811 	.db #0xff	; 255
    00000A68 E7                    2812 	.db #0xe7	; 231
    00000A69 C6                    2813 	.db #0xc6	; 198
    00000A6A E7                    2814 	.db #0xe7	; 231
    00000A6B 47                    2815 	.db #0x47	; 71	'G'
    00000A6C E7                    2816 	.db #0xe7	; 231
    00000A6D 47                    2817 	.db #0x47	; 71	'G'
    00000A6E E7                    2818 	.db #0xe7	; 231
    00000A6F 47                    2819 	.db #0x47	; 71	'G'
    00000A70 27                    2820 	.db #0x27	; 39
    00000A71 47                    2821 	.db #0x47	; 71	'G'
    00000A72 FF                    2822 	.db #0xff	; 255
    00000A73 FF                    2823 	.db #0xff	; 255
    00000A74 FF                    2824 	.db #0xff	; 255
    00000A75 FF                    2825 	.db #0xff	; 255
    00000A76 FF                    2826 	.db #0xff	; 255
    00000A77 FF                    2827 	.db #0xff	; 255
    00000A78 3C                    2828 	.db #0x3c	; 60
    00000A79 3E                    2829 	.db #0x3e	; 62
    00000A7A 1C                    2830 	.db #0x1c	; 28
    00000A7B 3E                    2831 	.db #0x3e	; 62
    00000A7C 1C                    2832 	.db #0x1c	; 28
    00000A7D 1E                    2833 	.db #0x1e	; 30
    00000A7E 1C                    2834 	.db #0x1c	; 28
    00000A7F 1E                    2835 	.db #0x1e	; 30
    00000A80 0C                    2836 	.db #0x0c	; 12
    00000A81 1E                    2837 	.db #0x1e	; 30
    00000A82 FF                    2838 	.db #0xff	; 255
    00000A83 FF                    2839 	.db #0xff	; 255
    00000A84 FF                    2840 	.db #0xff	; 255
    00000A85 FF                    2841 	.db #0xff	; 255
    00000A86 FF                    2842 	.db #0xff	; 255
    00000A87 FF                    2843 	.db #0xff	; 255
    00000A88 7F                    2844 	.db #0x7f	; 127
    00000A89 7F                    2845 	.db #0x7f	; 127
    00000A8A 7F                    2846 	.db #0x7f	; 127
    00000A8B 7F                    2847 	.db #0x7f	; 127
    00000A8C 7F                    2848 	.db #0x7f	; 127
    00000A8D 7F                    2849 	.db #0x7f	; 127
    00000A8E 7F                    2850 	.db #0x7f	; 127
    00000A8F 7F                    2851 	.db #0x7f	; 127
    00000A90 7F                    2852 	.db #0x7f	; 127
    00000A91 7F                    2853 	.db #0x7f	; 127
    00000A92 FF                    2854 	.db #0xff	; 255
    00000A93 FF                    2855 	.db #0xff	; 255
    00000A94 FF                    2856 	.db #0xff	; 255
    00000A95 FF                    2857 	.db #0xff	; 255
    00000A96 FF                    2858 	.db #0xff	; 255
    00000A97 FF                    2859 	.db #0xff	; 255
    00000A98 FF                    2860 	.db #0xff	; 255
    00000A99 FF                    2861 	.db #0xff	; 255
    00000A9A FF                    2862 	.db #0xff	; 255
    00000A9B FF                    2863 	.db #0xff	; 255
    00000A9C FC                    2864 	.db #0xfc	; 252
    00000A9D FC                    2865 	.db #0xfc	; 252
    00000A9E FC                    2866 	.db #0xfc	; 252
    00000A9F FD                    2867 	.db #0xfd	; 253
    00000AA0 FC                    2868 	.db #0xfc	; 252
    00000AA1 FD                    2869 	.db #0xfd	; 253
    00000AA2 FC                    2870 	.db #0xfc	; 252
    00000AA3 FD                    2871 	.db #0xfd	; 253
    00000AA4 FF                    2872 	.db #0xff	; 255
    00000AA5 FF                    2873 	.db #0xff	; 255
    00000AA6 FF                    2874 	.db #0xff	; 255
    00000AA7 FF                    2875 	.db #0xff	; 255
    00000AA8 FF                    2876 	.db #0xff	; 255
    00000AA9 FF                    2877 	.db #0xff	; 255
    00000AAA FF                    2878 	.db #0xff	; 255
    00000AAB FF                    2879 	.db #0xff	; 255
    00000AAC B7                    2880 	.db #0xb7	; 183
    00000AAD 02                    2881 	.db #0x02	; 2
    00000AAE 7A                    2882 	.db #0x7a	; 122	'z'
    00000AAF 00                    2883 	.db #0x00	; 0
    00000AB0 22                    2884 	.db #0x22	; 34
    00000AB1 40                    2885 	.db #0x40	; 64
    00000AB2 23                    2886 	.db #0x23	; 35
    00000AB3 40                    2887 	.db #0x40	; 64
    00000AB4 FF                    2888 	.db #0xff	; 255
    00000AB5 FF                    2889 	.db #0xff	; 255
    00000AB6 FF                    2890 	.db #0xff	; 255
    00000AB7 FF                    2891 	.db #0xff	; 255
    00000AB8 FF                    2892 	.db #0xff	; 255
    00000AB9 FF                    2893 	.db #0xff	; 255
    00000ABA 9F                    2894 	.db #0x9f	; 159
    00000ABB DF                    2895 	.db #0xdf	; 223
    00000ABC 07                    2896 	.db #0x07	; 7
    00000ABD 03                    2897 	.db #0x03	; 3
    00000ABE 59                    2898 	.db #0x59	; 89	'Y'
    00000ABF 83                    2899 	.db #0x83	; 131
    00000AC0 81                    2900 	.db #0x81	; 129
    00000AC1 C3                    2901 	.db #0xc3	; 195
    00000AC2 01                    2902 	.db #0x01	; 1
    00000AC3 03                    2903 	.db #0x03	; 3
    00000AC4 FF                    2904 	.db #0xff	; 255
    00000AC5 FF                    2905 	.db #0xff	; 255
    00000AC6 FF                    2906 	.db #0xff	; 255
    00000AC7 FF                    2907 	.db #0xff	; 255
    00000AC8 FF                    2908 	.db #0xff	; 255
    00000AC9 FF                    2909 	.db #0xff	; 255
    00000ACA 7F                    2910 	.db #0x7f	; 127
    00000ACB 7F                    2911 	.db #0x7f	; 127
    00000ACC 2D                    2912 	.db #0x2d	; 45
    00000ACD 0D                    2913 	.db #0x0d	; 13
    00000ACE 11                    2914 	.db #0x11	; 17
    00000ACF 43                    2915 	.db #0x43	; 67	'C'
    00000AD0 51                    2916 	.db #0x51	; 81	'Q'
    00000AD1 43                    2917 	.db #0x43	; 67	'C'
    00000AD2 0F                    2918 	.db #0x0f	; 15
    00000AD3 13                    2919 	.db #0x13	; 19
    00000AD4 FF                    2920 	.db #0xff	; 255
    00000AD5 E3                    2921 	.db #0xe3	; 227
    00000AD6 FF                    2922 	.db #0xff	; 255
    00000AD7 E7                    2923 	.db #0xe7	; 231
    00000AD8 9F                    2924 	.db #0x9f	; 159
    00000AD9 FF                    2925 	.db #0xff	; 255
    00000ADA 1D                    2926 	.db #0x1d	; 29
    00000ADB 80                    2927 	.db #0x80	; 128
    00000ADC 29                    2928 	.db #0x29	; 41
    00000ADD A4                    2929 	.db #0xa4	; 164
    00000ADE 1C                    2930 	.db #0x1c	; 28
    00000ADF 80                    2931 	.db #0x80	; 128
    00000AE0 2C                    2932 	.db #0x2c	; 44
    00000AE1 A0                    2933 	.db #0xa0	; 160
    00000AE2 1C                    2934 	.db #0x1c	; 28
    00000AE3 80                    2935 	.db #0x80	; 128
    00000AE4 FF                    2936 	.db #0xff	; 255
    00000AE5 FF                    2937 	.db #0xff	; 255
    00000AE6 FF                    2938 	.db #0xff	; 255
    00000AE7 FF                    2939 	.db #0xff	; 255
    00000AE8 FF                    2940 	.db #0xff	; 255
    00000AE9 FF                    2941 	.db #0xff	; 255
    00000AEA 3B                    2942 	.db #0x3b	; 59
    00000AEB B4                    2943 	.db #0xb4	; 180
    00000AEC 1B                    2944 	.db #0x1b	; 27
    00000AED 94                    2945 	.db #0x94	; 148
    00000AEE 83                    2946 	.db #0x83	; 131
    00000AEF 24                    2947 	.db #0x24	; 36
    00000AF0 A3                    2948 	.db #0xa3	; 163
    00000AF1 24                    2949 	.db #0x24	; 36
    00000AF2 93                    2950 	.db #0x93	; 147
    00000AF3 04                    2951 	.db #0x04	; 4
    00000AF4 FF                    2952 	.db #0xff	; 255
    00000AF5 FF                    2953 	.db #0xff	; 255
    00000AF6 FF                    2954 	.db #0xff	; 255
    00000AF7 FF                    2955 	.db #0xff	; 255
    00000AF8 FF                    2956 	.db #0xff	; 255
    00000AF9 FF                    2957 	.db #0xff	; 255
    00000AFA 3E                    2958 	.db #0x3e	; 62
    00000AFB 1E                    2959 	.db #0x1e	; 30
    00000AFC 32                    2960 	.db #0x32	; 50	'2'
    00000AFD 02                    2961 	.db #0x02	; 2
    00000AFE 34                    2962 	.db #0x34	; 52	'4'
    00000AFF 18                    2963 	.db #0x18	; 24
    00000B00 20                    2964 	.db #0x20	; 32
    00000B01 10                    2965 	.db #0x10	; 16
    00000B02 40                    2966 	.db #0x40	; 64
    00000B03 00                    2967 	.db #0x00	; 0
    00000B04 FF                    2968 	.db #0xff	; 255
    00000B05 FF                    2969 	.db #0xff	; 255
    00000B06 FF                    2970 	.db #0xff	; 255
    00000B07 FF                    2971 	.db #0xff	; 255
    00000B08 FF                    2972 	.db #0xff	; 255
    00000B09 FF                    2973 	.db #0xff	; 255
    00000B0A F7                    2974 	.db #0xf7	; 247
    00000B0B F7                    2975 	.db #0xf7	; 247
    00000B0C 12                    2976 	.db #0x12	; 18
    00000B0D 30                    2977 	.db #0x30	; 48	'0'
    00000B0E 51                    2978 	.db #0x51	; 81	'Q'
    00000B0F 94                    2979 	.db #0x94	; 148
    00000B10 14                    2980 	.db #0x14	; 20
    00000B11 14                    2981 	.db #0x14	; 20
    00000B12 91                    2982 	.db #0x91	; 145
    00000B13 10                    2983 	.db #0x10	; 16
    00000B14 FF                    2984 	.db #0xff	; 255
    00000B15 FF                    2985 	.db #0xff	; 255
    00000B16 FF                    2986 	.db #0xff	; 255
    00000B17 FF                    2987 	.db #0xff	; 255
    00000B18 FE                    2988 	.db #0xfe	; 254
    00000B19 FF                    2989 	.db #0xff	; 255
    00000B1A FE                    2990 	.db #0xfe	; 254
    00000B1B FE                    2991 	.db #0xfe	; 254
    00000B1C 72                    2992 	.db #0x72	; 114	'r'
    00000B1D 22                    2993 	.db #0x22	; 34
    00000B1E A4                    2994 	.db #0xa4	; 164
    00000B1F 08                    2995 	.db #0x08	; 8
    00000B20 2F                    2996 	.db #0x2f	; 47
    00000B21 09                    2997 	.db #0x09	; 9
    00000B22 00                    2998 	.db #0x00	; 0
    00000B23 20                    2999 	.db #0x20	; 32
    00000B24 FF                    3000 	.db #0xff	; 255
    00000B25 FF                    3001 	.db #0xff	; 255
    00000B26 FF                    3002 	.db #0xff	; 255
    00000B27 FF                    3003 	.db #0xff	; 255
    00000B28 67                    3004 	.db #0x67	; 103	'g'
    00000B29 FF                    3005 	.db #0xff	; 255
    00000B2A 66                    3006 	.db #0x66	; 102	'f'
    00000B2B 07                    3007 	.db #0x07	; 7
    00000B2C FE                    3008 	.db #0xfe	; 254
    00000B2D CF                    3009 	.db #0xcf	; 207
    00000B2E 0F                    3010 	.db #0x0f	; 15
    00000B2F 46                    3011 	.db #0x46	; 70	'F'
    00000B30 F7                    3012 	.db #0xf7	; 247
    00000B31 36                    3013 	.db #0x36	; 54	'6'
    00000B32 0F                    3014 	.db #0x0f	; 15
    00000B33 46                    3015 	.db #0x46	; 70	'F'
    00000B34 FF                    3016 	.db #0xff	; 255
    00000B35 FF                    3017 	.db #0xff	; 255
    00000B36 FF                    3018 	.db #0xff	; 255
    00000B37 FF                    3019 	.db #0xff	; 255
    00000B38 FD                    3020 	.db #0xfd	; 253
    00000B39 FF                    3021 	.db #0xff	; 255
    00000B3A FC                    3022 	.db #0xfc	; 252
    00000B3B 78                    3023 	.db #0x78	; 120	'x'
    00000B3C 9F                    3024 	.db #0x9f	; 159
    00000B3D 0E                    3025 	.db #0x0e	; 14
    00000B3E 07                    3026 	.db #0x07	; 7
    00000B3F 2E                    3027 	.db #0x2e	; 46
    00000B40 27                    3028 	.db #0x27	; 39
    00000B41 2C                    3029 	.db #0x2c	; 44
    00000B42 24                    3030 	.db #0x24	; 36
    00000B43 28                    3031 	.db #0x28	; 40
    00000B44 FF                    3032 	.db #0xff	; 255
    00000B45 FF                    3033 	.db #0xff	; 255
    00000B46 FF                    3034 	.db #0xff	; 255
    00000B47 FF                    3035 	.db #0xff	; 255
    00000B48 C9                    3036 	.db #0xc9	; 201
    00000B49 FF                    3037 	.db #0xff	; 255
    00000B4A 49                    3038 	.db #0x49	; 73	'I'
    00000B4B 80                    3039 	.db #0x80	; 128
    00000B4C B4                    3040 	.db #0xb4	; 180
    00000B4D 36                    3041 	.db #0x36	; 54	'6'
    00000B4E B4                    3042 	.db #0xb4	; 180
    00000B4F 36                    3043 	.db #0x36	; 54	'6'
    00000B50 B5                    3044 	.db #0xb5	; 181
    00000B51 B1                    3045 	.db #0xb1	; 177
    00000B52 C8                    3046 	.db #0xc8	; 200
    00000B53 00                    3047 	.db #0x00	; 0
    00000B54 FF                    3048 	.db #0xff	; 255
    00000B55 FF                    3049 	.db #0xff	; 255
    00000B56 FF                    3050 	.db #0xff	; 255
    00000B57 FF                    3051 	.db #0xff	; 255
    00000B58 FF                    3052 	.db #0xff	; 255
    00000B59 FF                    3053 	.db #0xff	; 255
    00000B5A 8F                    3054 	.db #0x8f	; 143
    00000B5B DF                    3055 	.db #0xdf	; 223
    00000B5C 8F                    3056 	.db #0x8f	; 143
    00000B5D 9F                    3057 	.db #0x9f	; 159
    00000B5E 1F                    3058 	.db #0x1f	; 31
    00000B5F 8F                    3059 	.db #0x8f	; 143
    00000B60 8F                    3060 	.db #0x8f	; 143
    00000B61 0F                    3061 	.db #0x0f	; 15
    00000B62 CF                    3062 	.db #0xcf	; 207
    00000B63 DF                    3063 	.db #0xdf	; 223
    00000B64 FF                    3064 	.db #0xff	; 255
    00000B65 FF                    3065 	.db #0xff	; 255
    00000B66 FF                    3066 	.db #0xff	; 255
    00000B67 FF                    3067 	.db #0xff	; 255
    00000B68                       3068 _title_map:
    00000B68 25                    3069 	.db #0x25	; 37
    00000B69 25                    3070 	.db #0x25	; 37
    00000B6A 25                    3071 	.db #0x25	; 37
    00000B6B 25                    3072 	.db #0x25	; 37
    00000B6C 26                    3073 	.db #0x26	; 38
    00000B6D 27                    3074 	.db #0x27	; 39
    00000B6E 28                    3075 	.db #0x28	; 40
    00000B6F 29                    3076 	.db #0x29	; 41
    00000B70 2A                    3077 	.db #0x2a	; 42
    00000B71 2B                    3078 	.db #0x2b	; 43
    00000B72 2C                    3079 	.db #0x2c	; 44
    00000B73 2D                    3080 	.db #0x2d	; 45
    00000B74 2E                    3081 	.db #0x2e	; 46
    00000B75 2F                    3082 	.db #0x2f	; 47
    00000B76 30                    3083 	.db #0x30	; 48	'0'
    00000B77 25                    3084 	.db #0x25	; 37
    00000B78 25                    3085 	.db #0x25	; 37
    00000B79 25                    3086 	.db #0x25	; 37
    00000B7A 25                    3087 	.db #0x25	; 37
    00000B7B 25                    3088 	.db #0x25	; 37
    00000B7C 25                    3089 	.db #0x25	; 37
    00000B7D 25                    3090 	.db #0x25	; 37
    00000B7E 25                    3091 	.db #0x25	; 37
    00000B7F 25                    3092 	.db #0x25	; 37
    00000B80 31                    3093 	.db #0x31	; 49	'1'
    00000B81 32                    3094 	.db #0x32	; 50	'2'
    00000B82 33                    3095 	.db #0x33	; 51	'3'
    00000B83 34                    3096 	.db #0x34	; 52	'4'
    00000B84 35                    3097 	.db #0x35	; 53	'5'
    00000B85 36                    3098 	.db #0x36	; 54	'6'
    00000B86 37                    3099 	.db #0x37	; 55	'7'
    00000B87 38                    3100 	.db #0x38	; 56	'8'
    00000B88 39                    3101 	.db #0x39	; 57	'9'
    00000B89 3A                    3102 	.db #0x3a	; 58
    00000B8A 3B                    3103 	.db #0x3b	; 59
    00000B8B 25                    3104 	.db #0x25	; 37
    00000B8C 25                    3105 	.db #0x25	; 37
    00000B8D 25                    3106 	.db #0x25	; 37
    00000B8E 25                    3107 	.db #0x25	; 37
    00000B8F 25                    3108 	.db #0x25	; 37
    00000B90 25                    3109 	.db #0x25	; 37
    00000B91 25                    3110 	.db #0x25	; 37
    00000B92 25                    3111 	.db #0x25	; 37
    00000B93 25                    3112 	.db #0x25	; 37
    00000B94 3C                    3113 	.db #0x3c	; 60
    00000B95 3D                    3114 	.db #0x3d	; 61
    00000B96 3E                    3115 	.db #0x3e	; 62
    00000B97 3F                    3116 	.db #0x3f	; 63
    00000B98 40                    3117 	.db #0x40	; 64
    00000B99 41                    3118 	.db #0x41	; 65	'A'
    00000B9A 42                    3119 	.db #0x42	; 66	'B'
    00000B9B 43                    3120 	.db #0x43	; 67	'C'
    00000B9C 32                    3121 	.db #0x32	; 50	'2'
    00000B9D 44                    3122 	.db #0x44	; 68	'D'
    00000B9E 25                    3123 	.db #0x25	; 37
    00000B9F 25                    3124 	.db #0x25	; 37
    00000BA0 25                    3125 	.db #0x25	; 37
    00000BA1 25                    3126 	.db #0x25	; 37
    00000BA2 25                    3127 	.db #0x25	; 37
    00000BA3 25                    3128 	.db #0x25	; 37
    00000BA4 25                    3129 	.db #0x25	; 37
    00000BA5 25                    3130 	.db #0x25	; 37
    00000BA6 25                    3131 	.db #0x25	; 37
    00000BA7 25                    3132 	.db #0x25	; 37
    00000BA8 45                    3133 	.db #0x45	; 69	'E'
    00000BA9 46                    3134 	.db #0x46	; 70	'F'
    00000BAA 25                    3135 	.db #0x25	; 37
    00000BAB 47                    3136 	.db #0x47	; 71	'G'
    00000BAC 48                    3137 	.db #0x48	; 72	'H'
    00000BAD 49                    3138 	.db #0x49	; 73	'I'
    00000BAE 4A                    3139 	.db #0x4a	; 74	'J'
    00000BAF 4B                    3140 	.db #0x4b	; 75	'K'
    00000BB0 4C                    3141 	.db #0x4c	; 76	'L'
    00000BB1 4D                    3142 	.db #0x4d	; 77	'M'
    00000BB2 25                    3143 	.db #0x25	; 37
    00000BB3 25                    3144 	.db #0x25	; 37
    00000BB4 25                    3145 	.db #0x25	; 37
    00000BB5 25                    3146 	.db #0x25	; 37
    00000BB6 25                    3147 	.db #0x25	; 37
    00000BB7 25                    3148 	.db #0x25	; 37
    00000BB8 25                    3149 	.db #0x25	; 37
    00000BB9 25                    3150 	.db #0x25	; 37
    00000BBA 25                    3151 	.db #0x25	; 37
    00000BBB 4E                    3152 	.db #0x4e	; 78	'N'
    00000BBC 4F                    3153 	.db #0x4f	; 79	'O'
    00000BBD 50                    3154 	.db #0x50	; 80	'P'
    00000BBE 51                    3155 	.db #0x51	; 81	'Q'
    00000BBF 52                    3156 	.db #0x52	; 82	'R'
    00000BC0 53                    3157 	.db #0x53	; 83	'S'
    00000BC1 54                    3158 	.db #0x54	; 84	'T'
    00000BC2 55                    3159 	.db #0x55	; 85	'U'
    00000BC3 56                    3160 	.db #0x56	; 86	'V'
    00000BC4 57                    3161 	.db #0x57	; 87	'W'
    00000BC5 58                    3162 	.db #0x58	; 88	'X'
    00000BC6 25                    3163 	.db #0x25	; 37
    00000BC7 25                    3164 	.db #0x25	; 37
    00000BC8 25                    3165 	.db #0x25	; 37
    00000BC9 25                    3166 	.db #0x25	; 37
    00000BCA 25                    3167 	.db #0x25	; 37
    00000BCB 25                    3168 	.db #0x25	; 37
    00000BCC 25                    3169 	.db #0x25	; 37
    00000BCD 25                    3170 	.db #0x25	; 37
    00000BCE 25                    3171 	.db #0x25	; 37
    00000BCF 59                    3172 	.db #0x59	; 89	'Y'
    00000BD0 5A                    3173 	.db #0x5a	; 90	'Z'
    00000BD1 5B                    3174 	.db #0x5b	; 91
    00000BD2 5C                    3175 	.db #0x5c	; 92
    00000BD3 5D                    3176 	.db #0x5d	; 93
    00000BD4 5D                    3177 	.db #0x5d	; 93
    00000BD5 5E                    3178 	.db #0x5e	; 94
    00000BD6 5F                    3179 	.db #0x5f	; 95
    00000BD7 60                    3180 	.db #0x60	; 96
    00000BD8 40                    3181 	.db #0x40	; 64
    00000BD9 61                    3182 	.db #0x61	; 97	'a'
    00000BDA 62                    3183 	.db #0x62	; 98	'b'
    00000BDB 63                    3184 	.db #0x63	; 99	'c'
    00000BDC 25                    3185 	.db #0x25	; 37
    00000BDD 25                    3186 	.db #0x25	; 37
    00000BDE 25                    3187 	.db #0x25	; 37
    00000BDF 25                    3188 	.db #0x25	; 37
    00000BE0 25                    3189 	.db #0x25	; 37
    00000BE1 25                    3190 	.db #0x25	; 37
    00000BE2 25                    3191 	.db #0x25	; 37
    00000BE3 64                    3192 	.db #0x64	; 100	'd'
    00000BE4 40                    3193 	.db #0x40	; 64
    00000BE5 65                    3194 	.db #0x65	; 101	'e'
    00000BE6 5C                    3195 	.db #0x5c	; 92
    00000BE7 66                    3196 	.db #0x66	; 102	'f'
    00000BE8 67                    3197 	.db #0x67	; 103	'g'
    00000BE9 68                    3198 	.db #0x68	; 104	'h'
    00000BEA 69                    3199 	.db #0x69	; 105	'i'
    00000BEB 6A                    3200 	.db #0x6a	; 106	'j'
    00000BEC 6B                    3201 	.db #0x6b	; 107	'k'
    00000BED 6C                    3202 	.db #0x6c	; 108	'l'
    00000BEE 6D                    3203 	.db #0x6d	; 109	'm'
    00000BEF 6E                    3204 	.db #0x6e	; 110	'n'
    00000BF0 25                    3205 	.db #0x25	; 37
    00000BF1 25                    3206 	.db #0x25	; 37
    00000BF2 25                    3207 	.db #0x25	; 37
    00000BF3 25                    3208 	.db #0x25	; 37
    00000BF4 25                    3209 	.db #0x25	; 37
    00000BF5 25                    3210 	.db #0x25	; 37
    00000BF6 25                    3211 	.db #0x25	; 37
    00000BF7 25                    3212 	.db #0x25	; 37
    00000BF8 6F                    3213 	.db #0x6f	; 111	'o'
    00000BF9 70                    3214 	.db #0x70	; 112	'p'
    00000BFA 71                    3215 	.db #0x71	; 113	'q'
    00000BFB 72                    3216 	.db #0x72	; 114	'r'
    00000BFC 73                    3217 	.db #0x73	; 115	's'
    00000BFD 74                    3218 	.db #0x74	; 116	't'
    00000BFE 75                    3219 	.db #0x75	; 117	'u'
    00000BFF 76                    3220 	.db #0x76	; 118	'v'
    00000C00 77                    3221 	.db #0x77	; 119	'w'
    00000C01 78                    3222 	.db #0x78	; 120	'x'
    00000C02 79                    3223 	.db #0x79	; 121	'y'
    00000C03 25                    3224 	.db #0x25	; 37
    00000C04 25                    3225 	.db #0x25	; 37
    00000C05 25                    3226 	.db #0x25	; 37
    00000C06 25                    3227 	.db #0x25	; 37
    00000C07 25                    3228 	.db #0x25	; 37
    00000C08 25                    3229 	.db #0x25	; 37
    00000C09 25                    3230 	.db #0x25	; 37
    00000C0A 25                    3231 	.db #0x25	; 37
    00000C0B 25                    3232 	.db #0x25	; 37
    00000C0C 25                    3233 	.db #0x25	; 37
    00000C0D 25                    3234 	.db #0x25	; 37
    00000C0E 25                    3235 	.db #0x25	; 37
    00000C0F 25                    3236 	.db #0x25	; 37
    00000C10 25                    3237 	.db #0x25	; 37
    00000C11 25                    3238 	.db #0x25	; 37
    00000C12 25                    3239 	.db #0x25	; 37
    00000C13 25                    3240 	.db #0x25	; 37
    00000C14 25                    3241 	.db #0x25	; 37
    00000C15 25                    3242 	.db #0x25	; 37
    00000C16 25                    3243 	.db #0x25	; 37
    00000C17 25                    3244 	.db #0x25	; 37
    00000C18 25                    3245 	.db #0x25	; 37
    00000C19 25                    3246 	.db #0x25	; 37
    00000C1A 25                    3247 	.db #0x25	; 37
    00000C1B 25                    3248 	.db #0x25	; 37
    00000C1C 25                    3249 	.db #0x25	; 37
    00000C1D 25                    3250 	.db #0x25	; 37
    00000C1E 25                    3251 	.db #0x25	; 37
    00000C1F 25                    3252 	.db #0x25	; 37
    00000C20 25                    3253 	.db #0x25	; 37
    00000C21 25                    3254 	.db #0x25	; 37
    00000C22 25                    3255 	.db #0x25	; 37
    00000C23 25                    3256 	.db #0x25	; 37
    00000C24 25                    3257 	.db #0x25	; 37
    00000C25 25                    3258 	.db #0x25	; 37
    00000C26 25                    3259 	.db #0x25	; 37
    00000C27 25                    3260 	.db #0x25	; 37
    00000C28 25                    3261 	.db #0x25	; 37
    00000C29 25                    3262 	.db #0x25	; 37
    00000C2A 25                    3263 	.db #0x25	; 37
    00000C2B 25                    3264 	.db #0x25	; 37
    00000C2C 25                    3265 	.db #0x25	; 37
    00000C2D 25                    3266 	.db #0x25	; 37
    00000C2E 25                    3267 	.db #0x25	; 37
    00000C2F 25                    3268 	.db #0x25	; 37
    00000C30 25                    3269 	.db #0x25	; 37
    00000C31 25                    3270 	.db #0x25	; 37
    00000C32 25                    3271 	.db #0x25	; 37
    00000C33 25                    3272 	.db #0x25	; 37
    00000C34 25                    3273 	.db #0x25	; 37
    00000C35 25                    3274 	.db #0x25	; 37
    00000C36 25                    3275 	.db #0x25	; 37
    00000C37 25                    3276 	.db #0x25	; 37
    00000C38 25                    3277 	.db #0x25	; 37
    00000C39 25                    3278 	.db #0x25	; 37
    00000C3A 25                    3279 	.db #0x25	; 37
    00000C3B 25                    3280 	.db #0x25	; 37
    00000C3C 25                    3281 	.db #0x25	; 37
    00000C3D 25                    3282 	.db #0x25	; 37
    00000C3E 25                    3283 	.db #0x25	; 37
    00000C3F 25                    3284 	.db #0x25	; 37
    00000C40 25                    3285 	.db #0x25	; 37
    00000C41 25                    3286 	.db #0x25	; 37
    00000C42 25                    3287 	.db #0x25	; 37
    00000C43 25                    3288 	.db #0x25	; 37
    00000C44 25                    3289 	.db #0x25	; 37
    00000C45 25                    3290 	.db #0x25	; 37
    00000C46 25                    3291 	.db #0x25	; 37
    00000C47 25                    3292 	.db #0x25	; 37
    00000C48 25                    3293 	.db #0x25	; 37
    00000C49 25                    3294 	.db #0x25	; 37
    00000C4A 25                    3295 	.db #0x25	; 37
    00000C4B 25                    3296 	.db #0x25	; 37
    00000C4C 25                    3297 	.db #0x25	; 37
    00000C4D 25                    3298 	.db #0x25	; 37
    00000C4E 25                    3299 	.db #0x25	; 37
    00000C4F 25                    3300 	.db #0x25	; 37
    00000C50 25                    3301 	.db #0x25	; 37
    00000C51 25                    3302 	.db #0x25	; 37
    00000C52 25                    3303 	.db #0x25	; 37
    00000C53 25                    3304 	.db #0x25	; 37
    00000C54 25                    3305 	.db #0x25	; 37
    00000C55 25                    3306 	.db #0x25	; 37
    00000C56 25                    3307 	.db #0x25	; 37
    00000C57 25                    3308 	.db #0x25	; 37
    00000C58 25                    3309 	.db #0x25	; 37
    00000C59 25                    3310 	.db #0x25	; 37
    00000C5A 25                    3311 	.db #0x25	; 37
    00000C5B 7A                    3312 	.db #0x7a	; 122	'z'
    00000C5C 7B                    3313 	.db #0x7b	; 123
    00000C5D 7C                    3314 	.db #0x7c	; 124
    00000C5E 7D                    3315 	.db #0x7d	; 125
    00000C5F 7E                    3316 	.db #0x7e	; 126
    00000C60 7F                    3317 	.db #0x7f	; 127
    00000C61 25                    3318 	.db #0x25	; 37
    00000C62 80                    3319 	.db #0x80	; 128
    00000C63 81                    3320 	.db #0x81	; 129
    00000C64 82                    3321 	.db #0x82	; 130
    00000C65 83                    3322 	.db #0x83	; 131
    00000C66 7B                    3323 	.db #0x7b	; 123
    00000C67 84                    3324 	.db #0x84	; 132
    00000C68 85                    3325 	.db #0x85	; 133
    00000C69 25                    3326 	.db #0x25	; 37
    00000C6A 25                    3327 	.db #0x25	; 37
    00000C6B 25                    3328 	.db #0x25	; 37
    00000C6C 25                    3329 	.db #0x25	; 37
    00000C6D 25                    3330 	.db #0x25	; 37
    00000C6E 25                    3331 	.db #0x25	; 37
    00000C6F 86                    3332 	.db #0x86	; 134
    00000C70 87                    3333 	.db #0x87	; 135
    00000C71 88                    3334 	.db #0x88	; 136
    00000C72 89                    3335 	.db #0x89	; 137
    00000C73 8A                    3336 	.db #0x8a	; 138
    00000C74 8B                    3337 	.db #0x8b	; 139
    00000C75 25                    3338 	.db #0x25	; 37
    00000C76 8C                    3339 	.db #0x8c	; 140
    00000C77 8D                    3340 	.db #0x8d	; 141
    00000C78 8E                    3341 	.db #0x8e	; 142
    00000C79 8F                    3342 	.db #0x8f	; 143
    00000C7A 90                    3343 	.db #0x90	; 144
    00000C7B 91                    3344 	.db #0x91	; 145
    00000C7C 92                    3345 	.db #0x92	; 146
    00000C7D 25                    3346 	.db #0x25	; 37
    00000C7E 25                    3347 	.db #0x25	; 37
    00000C7F 25                    3348 	.db #0x25	; 37
    00000C80 25                    3349 	.db #0x25	; 37
    00000C81 25                    3350 	.db #0x25	; 37
    00000C82 25                    3351 	.db #0x25	; 37
    00000C83 93                    3352 	.db #0x93	; 147
    00000C84 94                    3353 	.db #0x94	; 148
    00000C85 95                    3354 	.db #0x95	; 149
    00000C86 96                    3355 	.db #0x96	; 150
    00000C87 97                    3356 	.db #0x97	; 151
    00000C88 98                    3357 	.db #0x98	; 152
    00000C89 25                    3358 	.db #0x25	; 37
    00000C8A 99                    3359 	.db #0x99	; 153
    00000C8B 9A                    3360 	.db #0x9a	; 154
    00000C8C 9B                    3361 	.db #0x9b	; 155
    00000C8D 9C                    3362 	.db #0x9c	; 156
    00000C8E 9D                    3363 	.db #0x9d	; 157
    00000C8F 9E                    3364 	.db #0x9e	; 158
    00000C90 9F                    3365 	.db #0x9f	; 159
    00000C91 25                    3366 	.db #0x25	; 37
    00000C92 25                    3367 	.db #0x25	; 37
    00000C93 25                    3368 	.db #0x25	; 37
    00000C94 25                    3369 	.db #0x25	; 37
    00000C95 25                    3370 	.db #0x25	; 37
    00000C96 25                    3371 	.db #0x25	; 37
    00000C97 A0                    3372 	.db #0xa0	; 160
    00000C98 A1                    3373 	.db #0xa1	; 161
    00000C99 A2                    3374 	.db #0xa2	; 162
    00000C9A A3                    3375 	.db #0xa3	; 163
    00000C9B A4                    3376 	.db #0xa4	; 164
    00000C9C A5                    3377 	.db #0xa5	; 165
    00000C9D A6                    3378 	.db #0xa6	; 166
    00000C9E A7                    3379 	.db #0xa7	; 167
    00000C9F A8                    3380 	.db #0xa8	; 168
    00000CA0 A9                    3381 	.db #0xa9	; 169
    00000CA1 AA                    3382 	.db #0xaa	; 170
    00000CA2 AB                    3383 	.db #0xab	; 171
    00000CA3 AC                    3384 	.db #0xac	; 172
    00000CA4 25                    3385 	.db #0x25	; 37
    00000CA5 25                    3386 	.db #0x25	; 37
    00000CA6 25                    3387 	.db #0x25	; 37
    00000CA7 25                    3388 	.db #0x25	; 37
    00000CA8 25                    3389 	.db #0x25	; 37
    00000CA9 25                    3390 	.db #0x25	; 37
    00000CAA 25                    3391 	.db #0x25	; 37
    00000CAB 25                    3392 	.db #0x25	; 37
    00000CAC 25                    3393 	.db #0x25	; 37
    00000CAD 25                    3394 	.db #0x25	; 37
    00000CAE 25                    3395 	.db #0x25	; 37
    00000CAF 25                    3396 	.db #0x25	; 37
    00000CB0 25                    3397 	.db #0x25	; 37
    00000CB1 25                    3398 	.db #0x25	; 37
    00000CB2 25                    3399 	.db #0x25	; 37
    00000CB3 25                    3400 	.db #0x25	; 37
    00000CB4 25                    3401 	.db #0x25	; 37
    00000CB5 25                    3402 	.db #0x25	; 37
    00000CB6 25                    3403 	.db #0x25	; 37
    00000CB7 25                    3404 	.db #0x25	; 37
    00000CB8 25                    3405 	.db #0x25	; 37
    00000CB9 25                    3406 	.db #0x25	; 37
    00000CBA 25                    3407 	.db #0x25	; 37
    00000CBB 25                    3408 	.db #0x25	; 37
    00000CBC 25                    3409 	.db #0x25	; 37
    00000CBD 25                    3410 	.db #0x25	; 37
    00000CBE 25                    3411 	.db #0x25	; 37
    00000CBF 25                    3412 	.db #0x25	; 37
    00000CC0 25                    3413 	.db #0x25	; 37
    00000CC1 25                    3414 	.db #0x25	; 37
    00000CC2 25                    3415 	.db #0x25	; 37
    00000CC3 25                    3416 	.db #0x25	; 37
    00000CC4 25                    3417 	.db #0x25	; 37
    00000CC5 25                    3418 	.db #0x25	; 37
    00000CC6 25                    3419 	.db #0x25	; 37
    00000CC7 25                    3420 	.db #0x25	; 37
    00000CC8 25                    3421 	.db #0x25	; 37
    00000CC9 25                    3422 	.db #0x25	; 37
    00000CCA 25                    3423 	.db #0x25	; 37
    00000CCB 25                    3424 	.db #0x25	; 37
    00000CCC 25                    3425 	.db #0x25	; 37
    00000CCD 25                    3426 	.db #0x25	; 37
    00000CCE 25                    3427 	.db #0x25	; 37
    00000CCF 25                    3428 	.db #0x25	; 37
                                   3429 ;FlyShip.c:59: void draw_stars()
                                   3430 ;	---------------------------------
                                   3431 ; Function draw_stars
                                   3432 ; ---------------------------------
    00000CD0                       3433 _draw_stars::
                                   3434 ;FlyShip.c:61: if (cgb_enable)
    00000CD0 FAr03r00         [16] 3435 	ld	a, (#_cgb_enable)
    00000CD3 B7               [ 4] 3436 	or	a, a
    00000CD4 28 0C            [12] 3437 	jr	Z, 00102$
                                   3438 ;FlyShip.c:63: set_bkg_palette(0, 1, star_pal);
    00000CD6 11r74r00         [12] 3439 	ld	de, #_star_pal
    00000CD9 D5               [16] 3440 	push	de
    00000CDA AF               [ 4] 3441 	xor	a, a
    00000CDB 3C               [ 4] 3442 	inc	a
    00000CDC F5               [16] 3443 	push	af
    00000CDD CDr00r00         [24] 3444 	call	_set_bkg_palette
    00000CE0 E8 04            [16] 3445 	add	sp, #4
    00000CE2                       3446 00102$:
                                   3447 ;FlyShip.c:65: set_bkg_data(37, 4, BGs);
    00000CE2 11r7Cr00         [12] 3448 	ld	de, #_BGs
    00000CE5 D5               [16] 3449 	push	de
    00000CE6 21 25 04         [12] 3450 	ld	hl, #0x425
    00000CE9 E5               [16] 3451 	push	hl
    00000CEA CDr00r00         [24] 3452 	call	_set_bkg_data
    00000CED E8 04            [16] 3453 	add	sp, #4
                                   3454 ;FlyShip.c:66: set_bkg_data(38, 1, BGs + 1 + STAR1_INDEX);
    00000CEF 01r7Dr00         [12] 3455 	ld	bc, #_BGs + 1
    00000CF2 79               [ 4] 3456 	ld	a, c
    00000CF3 21r09r00         [12] 3457 	ld	hl, #_STAR1_INDEX
    00000CF6 86               [ 8] 3458 	add	a, (hl)
    00000CF7 5F               [ 4] 3459 	ld	e, a
    00000CF8 78               [ 4] 3460 	ld	a, b
    00000CF9 CE 00            [ 8] 3461 	adc	a, #0x00
    00000CFB 57               [ 4] 3462 	ld	d, a
    00000CFC D5               [16] 3463 	push	de
    00000CFD 21 26 01         [12] 3464 	ld	hl, #0x126
    00000D00 E5               [16] 3465 	push	hl
    00000D01 CDr00r00         [24] 3466 	call	_set_bkg_data
    00000D04 E8 04            [16] 3467 	add	sp, #4
                                   3468 ;FlyShip.c:67: set_bkg_data(39, 1, BGs + 1 + STAR2_INDEX);
    00000D06 79               [ 4] 3469 	ld	a, c
    00000D07 21r0Ar00         [12] 3470 	ld	hl, #_STAR2_INDEX
    00000D0A 86               [ 8] 3471 	add	a, (hl)
    00000D0B 5F               [ 4] 3472 	ld	e, a
    00000D0C 78               [ 4] 3473 	ld	a, b
    00000D0D CE 00            [ 8] 3474 	adc	a, #0x00
    00000D0F 57               [ 4] 3475 	ld	d, a
    00000D10 D5               [16] 3476 	push	de
    00000D11 21 27 01         [12] 3477 	ld	hl, #0x127
    00000D14 E5               [16] 3478 	push	hl
    00000D15 CDr00r00         [24] 3479 	call	_set_bkg_data
    00000D18 E8 04            [16] 3480 	add	sp, #4
                                   3481 ;FlyShip.c:68: set_bkg_data(40, 1, BGs + 1 + STAR3_INDEX);
    00000D1A 79               [ 4] 3482 	ld	a, c
    00000D1B 21r0Br00         [12] 3483 	ld	hl, #_STAR3_INDEX
    00000D1E 86               [ 8] 3484 	add	a, (hl)
    00000D1F 4F               [ 4] 3485 	ld	c, a
    00000D20 30 01            [12] 3486 	jr	NC, 00132$
    00000D22 04               [ 4] 3487 	inc	b
    00000D23                       3488 00132$:
    00000D23 C5               [16] 3489 	push	bc
    00000D24 21 28 01         [12] 3490 	ld	hl, #0x128
    00000D27 E5               [16] 3491 	push	hl
    00000D28 CDr00r00         [24] 3492 	call	_set_bkg_data
    00000D2B E8 04            [16] 3493 	add	sp, #4
                                   3494 ;FlyShip.c:69: set_bkg_tiles(0, 0, 20, 20, backGround);
    00000D2D 01r8Cr00         [12] 3495 	ld	bc, #_backGround
    00000D30 C5               [16] 3496 	push	bc
    00000D31 21 14 14         [12] 3497 	ld	hl, #0x1414
    00000D34 E5               [16] 3498 	push	hl
    00000D35 AF               [ 4] 3499 	xor	a, a
    00000D36 0F               [ 4] 3500 	rrca
    00000D37 F5               [16] 3501 	push	af
    00000D38 CDr00r00         [24] 3502 	call	_set_bkg_tiles
    00000D3B E8 06            [16] 3503 	add	sp, #6
                                   3504 ;FlyShip.c:70: set_bkg_tiles(0, 20, 20, 20, backGround);
    00000D3D C5               [16] 3505 	push	bc
    00000D3E 21 14 14         [12] 3506 	ld	hl, #0x1414
    00000D41 E5               [16] 3507 	push	hl
    00000D42 21 00 14         [12] 3508 	ld	hl, #0x1400
    00000D45 E5               [16] 3509 	push	hl
    00000D46 CDr00r00         [24] 3510 	call	_set_bkg_tiles
    00000D49 E8 06            [16] 3511 	add	sp, #6
                                   3512 ;FlyShip.c:71: set_win_tiles(0, 0, 20, 1, empty0);
    00000D4B 11r54r02         [12] 3513 	ld	de, #_empty0
    00000D4E D5               [16] 3514 	push	de
    00000D4F 21 14 01         [12] 3515 	ld	hl, #0x114
    00000D52 E5               [16] 3516 	push	hl
    00000D53 AF               [ 4] 3517 	xor	a, a
    00000D54 0F               [ 4] 3518 	rrca
    00000D55 F5               [16] 3519 	push	af
    00000D56 CDr00r00         [24] 3520 	call	_set_win_tiles
    00000D59 E8 06            [16] 3521 	add	sp, #6
                                   3522 ;FlyShip.c:72: set_win_tiles(0, 0, 5, 1, score_tiles);
    00000D5B 11r8Cr02         [12] 3523 	ld	de, #_score_tiles
    00000D5E D5               [16] 3524 	push	de
    00000D5F 21 05 01         [12] 3525 	ld	hl, #0x105
    00000D62 E5               [16] 3526 	push	hl
    00000D63 AF               [ 4] 3527 	xor	a, a
    00000D64 0F               [ 4] 3528 	rrca
    00000D65 F5               [16] 3529 	push	af
    00000D66 CDr00r00         [24] 3530 	call	_set_win_tiles
    00000D69 E8 06            [16] 3531 	add	sp, #6
                                   3532 ;g:\gbdk\include\gb\gb.h:1887: shadow_OAM[nb].tile=tile;
    00000D6B 21r02r00         [12] 3533 	ld	hl, #(_shadow_OAM + 2)
    00000D6E 36 00            [12] 3534 	ld	(hl), #0x00
    00000D70 21r06r00         [12] 3535 	ld	hl, #(_shadow_OAM + 6)
    00000D73 36 02            [12] 3536 	ld	(hl), #0x02
    00000D75 21r0Ar00         [12] 3537 	ld	hl, #(_shadow_OAM + 10)
    00000D78 36 04            [12] 3538 	ld	(hl), #0x04
    00000D7A 21r0Er00         [12] 3539 	ld	hl, #(_shadow_OAM + 14)
    00000D7D 36 06            [12] 3540 	ld	(hl), #0x06
                                   3541 ;FlyShip.c:77: move_sprite(0, PLAYER_X, 0x7D);
    00000D7F FAr26r01         [16] 3542 	ld	a, (_PLAYER_X)
    00000D82 4F               [ 4] 3543 	ld	c, a
                                   3544 ;g:\gbdk\include\gb\gb.h:1973: OAM_item_t * itm = &shadow_OAM[nb];
    00000D83 21r00r00         [12] 3545 	ld	hl, #_shadow_OAM
                                   3546 ;g:\gbdk\include\gb\gb.h:1974: itm->y=y, itm->x=x;
    00000D86 3E 7D            [ 8] 3547 	ld	a, #0x7d
    00000D88 22               [ 8] 3548 	ld	(hl+), a
    00000D89 71               [ 8] 3549 	ld	(hl), c
                                   3550 ;FlyShip.c:78: move_sprite(1, PLAYER_X + 8, 0x7D);
    00000D8A FAr26r01         [16] 3551 	ld	a, (_PLAYER_X)
    00000D8D C6 08            [ 8] 3552 	add	a, #0x08
    00000D8F 4F               [ 4] 3553 	ld	c, a
                                   3554 ;g:\gbdk\include\gb\gb.h:1973: OAM_item_t * itm = &shadow_OAM[nb];
    00000D90 21r04r00         [12] 3555 	ld	hl, #(_shadow_OAM + 4)
                                   3556 ;g:\gbdk\include\gb\gb.h:1974: itm->y=y, itm->x=x;
    00000D93 3E 7D            [ 8] 3557 	ld	a, #0x7d
    00000D95 22               [ 8] 3558 	ld	(hl+), a
    00000D96 71               [ 8] 3559 	ld	(hl), c
                                   3560 ;FlyShip.c:79: move_sprite(2, PLAYER_X, 0x89);
    00000D97 FAr26r01         [16] 3561 	ld	a, (_PLAYER_X)
    00000D9A 4F               [ 4] 3562 	ld	c, a
                                   3563 ;g:\gbdk\include\gb\gb.h:1973: OAM_item_t * itm = &shadow_OAM[nb];
    00000D9B 21r08r00         [12] 3564 	ld	hl, #(_shadow_OAM + 8)
                                   3565 ;g:\gbdk\include\gb\gb.h:1974: itm->y=y, itm->x=x;
    00000D9E 3E 89            [ 8] 3566 	ld	a, #0x89
    00000DA0 22               [ 8] 3567 	ld	(hl+), a
    00000DA1 71               [ 8] 3568 	ld	(hl), c
                                   3569 ;FlyShip.c:80: move_sprite(3, PLAYER_X + 8, 0x89);
    00000DA2 FAr26r01         [16] 3570 	ld	a, (_PLAYER_X)
    00000DA5 C6 08            [ 8] 3571 	add	a, #0x08
    00000DA7 4F               [ 4] 3572 	ld	c, a
                                   3573 ;g:\gbdk\include\gb\gb.h:1973: OAM_item_t * itm = &shadow_OAM[nb];
    00000DA8 21r0Cr00         [12] 3574 	ld	hl, #(_shadow_OAM + 12)
                                   3575 ;g:\gbdk\include\gb\gb.h:1974: itm->y=y, itm->x=x;
    00000DAB 3E 89            [ 8] 3576 	ld	a, #0x89
    00000DAD 22               [ 8] 3577 	ld	(hl+), a
    00000DAE 71               [ 8] 3578 	ld	(hl), c
                                   3579 ;FlyShip.c:81: if (cgb_enable)
    00000DAF FAr03r00         [16] 3580 	ld	a, (#_cgb_enable)
    00000DB2 B7               [ 4] 3581 	or	a, a
    00000DB3 C8               [20] 3582 	ret	Z
                                   3583 ;g:\gbdk\include\gb\gb.h:1946: shadow_OAM[nb].prop=prop;
    00000DB4 21r03r00         [12] 3584 	ld	hl, #(_shadow_OAM + 3)
    00000DB7 36 01            [12] 3585 	ld	(hl), #0x01
    00000DB9 21r07r00         [12] 3586 	ld	hl, #(_shadow_OAM + 7)
    00000DBC 36 01            [12] 3587 	ld	(hl), #0x01
    00000DBE 21r13r00         [12] 3588 	ld	hl, #(_shadow_OAM + 19)
    00000DC1 36 01            [12] 3589 	ld	(hl), #0x01
                                   3590 ;FlyShip.c:85: set_sprite_prop(4, 0x01);
                                   3591 ;FlyShip.c:87: }
    00000DC3 C9               [16] 3592 	ret
                                   3593 ;FlyShip.c:88: void initGame(void)
                                   3594 ;	---------------------------------
                                   3595 ; Function initGame
                                   3596 ; ---------------------------------
    00000DC4                       3597 _initGame::
                                   3598 ;FlyShip.c:90: PLAYER.y = player_y;
    00000DC4 21r20r00         [12] 3599 	ld	hl, #_PLAYER + 1
    00000DC7 36 7D            [12] 3600 	ld	(hl), #0x7d
                                   3601 ;FlyShip.c:91: PLAYER.height = 16;
    00000DC9 21r21r00         [12] 3602 	ld	hl, #_PLAYER + 2
    00000DCC 36 10            [12] 3603 	ld	(hl), #0x10
                                   3604 ;FlyShip.c:92: PLAYER.width = 6;
    00000DCE 21r22r00         [12] 3605 	ld	hl, #_PLAYER + 3
    00000DD1 36 06            [12] 3606 	ld	(hl), #0x06
                                   3607 ;FlyShip.c:93: had_Shot = 0;
                                   3608 ;FlyShip.c:94: enemy_spwaned = 0;
    00000DD3 AF               [ 4] 3609 	xor	a, a
    00000DD4 EAr11r00         [16] 3610 	ld	(#_had_Shot), a
    00000DD7 EAr02r00         [16] 3611 	ld	(#_enemy_spwaned),a
                                   3612 ;FlyShip.c:95: ENEMY.x = 0;
    00000DDA 01r17r00         [12] 3613 	ld	bc, #_ENEMY+0
    00000DDD AF               [ 4] 3614 	xor	a, a
    00000DDE 02               [ 8] 3615 	ld	(bc), a
                                   3616 ;FlyShip.c:96: ENEMY.y = 0;
    00000DDF 03               [ 8] 3617 	inc	bc
    00000DE0 AF               [ 4] 3618 	xor	a, a
    00000DE1 02               [ 8] 3619 	ld	(bc), a
                                   3620 ;FlyShip.c:97: joypad_init(1, &joypad_t_val);
    00000DE2 11r12r00         [12] 3621 	ld	de, #_joypad_t_val
    00000DE5 D5               [16] 3622 	push	de
    00000DE6 3E 01            [ 8] 3623 	ld	a, #0x01
    00000DE8 F5               [16] 3624 	push	af
    00000DE9 33               [ 8] 3625 	inc	sp
    00000DEA CDr00r00         [24] 3626 	call	_joypad_init
    00000DED E8 03            [16] 3627 	add	sp, #3
                                   3628 ;FlyShip.c:98: }
    00000DEF C9               [16] 3629 	ret
                                   3630 ;FlyShip.c:99: void check_score(void)
                                   3631 ;	---------------------------------
                                   3632 ; Function check_score
                                   3633 ; ---------------------------------
    00000DF0                       3634 _check_score::
                                   3635 ;FlyShip.c:101: for (temp0 = 0; temp0 < 5; ++temp0)
    00000DF0 AF               [ 4] 3636 	xor	a, a
    00000DF1 EAr04r00         [16] 3637 	ld	(#_temp0),a
    00000DF4 01r27r01         [12] 3638 	ld	bc, #_SCORE+0
    00000DF7                       3639 00104$:
                                   3640 ;FlyShip.c:103: if (SCORE[temp0] == 10)
    00000DF7 79               [ 4] 3641 	ld	a, c
    00000DF8 21r04r00         [12] 3642 	ld	hl, #_temp0
    00000DFB 86               [ 8] 3643 	add	a, (hl)
    00000DFC 5F               [ 4] 3644 	ld	e, a
    00000DFD 78               [ 4] 3645 	ld	a, b
    00000DFE CE 00            [ 8] 3646 	adc	a, #0x00
    00000E00 57               [ 4] 3647 	ld	d, a
    00000E01 1A               [ 8] 3648 	ld	a, (de)
    00000E02 D6 0A            [ 8] 3649 	sub	a, #0x0a
    00000E04 20 0A            [12] 3650 	jr	NZ, 00105$
                                   3651 ;FlyShip.c:105: SCORE[temp0] = 0;
    00000E06 AF               [ 4] 3652 	xor	a, a
    00000E07 12               [ 8] 3653 	ld	(de), a
                                   3654 ;FlyShip.c:106: ++SCORE[temp0 - 1];
    00000E08 7E               [ 8] 3655 	ld	a, (hl)
    00000E09 3D               [ 4] 3656 	dec	a
    00000E0A 6F               [ 4] 3657 	ld	l, a
    00000E0B 07               [ 4] 3658 	rlca
    00000E0C 9F               [ 4] 3659 	sbc	a, a
    00000E0D 67               [ 4] 3660 	ld	h, a
    00000E0E 09               [ 8] 3661 	add	hl, bc
    00000E0F 34               [12] 3662 	inc	(hl)
    00000E10                       3663 00105$:
                                   3664 ;FlyShip.c:101: for (temp0 = 0; temp0 < 5; ++temp0)
    00000E10 21r04r00         [12] 3665 	ld	hl, #_temp0
    00000E13 34               [12] 3666 	inc	(hl)
    00000E14 7E               [ 8] 3667 	ld	a, (hl)
    00000E15 D6 05            [ 8] 3668 	sub	a, #0x05
    00000E17 38 DE            [12] 3669 	jr	C, 00104$
                                   3670 ;FlyShip.c:109: }
    00000E19 C9               [16] 3671 	ret
                                   3672 ;FlyShip.c:110: void set_score(void)
                                   3673 ;	---------------------------------
                                   3674 ; Function set_score
                                   3675 ; ---------------------------------
    00000E1A                       3676 _set_score::
                                   3677 ;FlyShip.c:112: for (temp0 = 0; temp0 < 5; ++temp0)
    00000E1A AF               [ 4] 3678 	xor	a, a
    00000E1B EAr04r00         [16] 3679 	ld	(#_temp0),a
    00000E1E                       3680 00102$:
                                   3681 ;FlyShip.c:114: SCORE_TILE[temp0] = SCORE[temp0] + 0x01;
    00000E1E 3Er2C            [ 8] 3682 	ld	a, #<(_SCORE_TILE)
    00000E20 21r04r00         [12] 3683 	ld	hl, #_temp0
    00000E23 86               [ 8] 3684 	add	a, (hl)
    00000E24 4F               [ 4] 3685 	ld	c, a
    00000E25 3Es01            [ 8] 3686 	ld	a, #>(_SCORE_TILE)
    00000E27 CE 00            [ 8] 3687 	adc	a, #0x00
    00000E29 47               [ 4] 3688 	ld	b, a
    00000E2A 3Er27            [ 8] 3689 	ld	a, #<(_SCORE)
    00000E2C 86               [ 8] 3690 	add	a, (hl)
    00000E2D 5F               [ 4] 3691 	ld	e, a
    00000E2E 3Es01            [ 8] 3692 	ld	a, #>(_SCORE)
    00000E30 CE 00            [ 8] 3693 	adc	a, #0x00
    00000E32 57               [ 4] 3694 	ld	d, a
    00000E33 1A               [ 8] 3695 	ld	a, (de)
    00000E34 3C               [ 4] 3696 	inc	a
    00000E35 02               [ 8] 3697 	ld	(bc), a
                                   3698 ;FlyShip.c:112: for (temp0 = 0; temp0 < 5; ++temp0)
    00000E36 34               [12] 3699 	inc	(hl)
    00000E37 7E               [ 8] 3700 	ld	a, (hl)
    00000E38 D6 05            [ 8] 3701 	sub	a, #0x05
    00000E3A 38 E2            [12] 3702 	jr	C, 00102$
                                   3703 ;FlyShip.c:116: set_win_tiles(5, 0, 5, 1, SCORE_TILE);
    00000E3C 11r2Cr01         [12] 3704 	ld	de, #_SCORE_TILE
    00000E3F D5               [16] 3705 	push	de
    00000E40 21 05 01         [12] 3706 	ld	hl, #0x105
    00000E43 E5               [16] 3707 	push	hl
    00000E44 21 05 00         [12] 3708 	ld	hl, #0x05
    00000E47 E5               [16] 3709 	push	hl
    00000E48 CDr00r00         [24] 3710 	call	_set_win_tiles
    00000E4B E8 06            [16] 3711 	add	sp, #6
                                   3712 ;FlyShip.c:117: }
    00000E4D C9               [16] 3713 	ret
                                   3714 ;FlyShip.c:118: void main(void)
                                   3715 ;	---------------------------------
                                   3716 ; Function main
                                   3717 ; ---------------------------------
    00000E4E                       3718 _main::
    00000E4E E8 F8            [16] 3719 	add	sp, #-8
                                   3720 ;FlyShip.c:120: cgb_compatibility();
    00000E50 CDr00r00         [24] 3721 	call	_cgb_compatibility
                                   3722 ;FlyShip.c:122: font_init();
    00000E53 CDr00r00         [24] 3723 	call	_font_init
                                   3724 ;FlyShip.c:123: font = font_load(font_min);
    00000E56 11r00r00         [12] 3725 	ld	de, #_font_min
    00000E59 D5               [16] 3726 	push	de
    00000E5A CDr00r00         [24] 3727 	call	_font_load
    00000E5D E1               [12] 3728 	pop	hl
                                   3729 ;FlyShip.c:124: font_set(font);
    00000E5E D5               [16] 3730 	push	de
    00000E5F CDr00r00         [24] 3731 	call	_font_set
    00000E62 E1               [12] 3732 	pop	hl
                                   3733 ;FlyShip.c:125: initrand(clock());
    00000E63 CDr00r00         [24] 3734 	call	_clock
    00000E66 D5               [16] 3735 	push	de
    00000E67 CDr00r00         [24] 3736 	call	_initrand
    00000E6A E1               [12] 3737 	pop	hl
                                   3738 ;g:\gbdk\include\gb\gb.h:1739: WX_REG=x, WY_REG=y;
    00000E6B 3E 07            [ 8] 3739 	ld	a, #0x07
    00000E6D E0r00            [12] 3740 	ldh	(_WX_REG + 0), a
    00000E6F 3E 88            [ 8] 3741 	ld	a, #0x88
    00000E71 E0r00            [12] 3742 	ldh	(_WY_REG + 0), a
                                   3743 ;FlyShip.c:127: NR52_REG = 0x80;
    00000E73 3E 80            [ 8] 3744 	ld	a, #0x80
    00000E75 E0r00            [12] 3745 	ldh	(_NR52_REG + 0), a
                                   3746 ;FlyShip.c:128: NR50_REG = 0x77;
    00000E77 3E 77            [ 8] 3747 	ld	a, #0x77
    00000E79 E0r00            [12] 3748 	ldh	(_NR50_REG + 0), a
                                   3749 ;FlyShip.c:129: NR51_REG = 0xFF;
    00000E7B 3E FF            [ 8] 3750 	ld	a, #0xff
    00000E7D E0r00            [12] 3751 	ldh	(_NR51_REG + 0), a
                                   3752 ;FlyShip.c:130: cgb_enable = _cpu == CGB_TYPE;
    00000E7F FAr00r00         [16] 3753 	ld	a, (#__cpu)
    00000E82 D6 11            [ 8] 3754 	sub	a, #0x11
    00000E84 3E 01            [ 8] 3755 	ld	a, #0x01
    00000E86 28 01            [12] 3756 	jr	Z, 00565$
    00000E88 AF               [ 4] 3757 	xor	a, a
    00000E89                       3758 00565$:
    00000E89 21r03r00         [12] 3759 	ld	hl, #_cgb_enable
    00000E8C 77               [ 8] 3760 	ld	(hl), a
                                   3761 ;FlyShip.c:131: if (cgb_enable)
    00000E8D 7E               [ 8] 3762 	ld	a, (hl)
    00000E8E B7               [ 4] 3763 	or	a, a
    00000E8F 28 28            [12] 3764 	jr	Z, 00102$
                                   3765 ;FlyShip.c:133: cpu_fast();
    00000E91 CDr00r00         [24] 3766 	call	_cpu_fast
                                   3767 ;FlyShip.c:134: set_bkg_palette(0, 1, title_pal);
    00000E94 11rE0r02         [12] 3768 	ld	de, #_title_pal
    00000E97 D5               [16] 3769 	push	de
    00000E98 AF               [ 4] 3770 	xor	a, a
    00000E99 3C               [ 4] 3771 	inc	a
    00000E9A F5               [16] 3772 	push	af
    00000E9B CDr00r00         [24] 3773 	call	_set_bkg_palette
    00000E9E E8 04            [16] 3774 	add	sp, #4
                                   3775 ;FlyShip.c:135: set_sprite_palette(0, 1, sprite0_pal);
    00000EA0 11r64r00         [12] 3776 	ld	de, #_sprite0_pal
    00000EA3 D5               [16] 3777 	push	de
    00000EA4 AF               [ 4] 3778 	xor	a, a
    00000EA5 3C               [ 4] 3779 	inc	a
    00000EA6 F5               [16] 3780 	push	af
    00000EA7 CDr00r00         [24] 3781 	call	_set_sprite_palette
    00000EAA E8 04            [16] 3782 	add	sp, #4
                                   3783 ;FlyShip.c:136: set_sprite_palette(1, 1, sprite1_pal);
    00000EAC 11r6Cr00         [12] 3784 	ld	de, #_sprite1_pal
    00000EAF D5               [16] 3785 	push	de
    00000EB0 21 01 01         [12] 3786 	ld	hl, #0x101
    00000EB3 E5               [16] 3787 	push	hl
    00000EB4 CDr00r00         [24] 3788 	call	_set_sprite_palette
    00000EB7 E8 04            [16] 3789 	add	sp, #4
    00000EB9                       3790 00102$:
                                   3791 ;FlyShip.c:138: set_sprite_data(0, 18, Sprites);
    00000EB9 11r00r00         [12] 3792 	ld	de, #_Sprites
    00000EBC D5               [16] 3793 	push	de
    00000EBD 21 00 12         [12] 3794 	ld	hl, #0x1200
    00000EC0 E5               [16] 3795 	push	hl
    00000EC1 CDr00r00         [24] 3796 	call	_set_sprite_data
    00000EC4 E8 04            [16] 3797 	add	sp, #4
                                   3798 ;FlyShip.c:139: draw_title_screen();
    00000EC6 CDr00r00         [24] 3799 	call	_draw_title_screen
                                   3800 ;FlyShip.c:140: SHOW_SPRITES;
    00000EC9 F0r00            [12] 3801 	ldh	a, (_LCDC_REG + 0)
    00000ECB F6 02            [ 8] 3802 	or	a, #0x02
    00000ECD E0r00            [12] 3803 	ldh	(_LCDC_REG + 0), a
                                   3804 ;FlyShip.c:141: SHOW_BKG;
    00000ECF F0r00            [12] 3805 	ldh	a, (_LCDC_REG + 0)
    00000ED1 F6 01            [ 8] 3806 	or	a, #0x01
    00000ED3 E0r00            [12] 3807 	ldh	(_LCDC_REG + 0), a
                                   3808 ;FlyShip.c:142: SHOW_WIN;
    00000ED5 F0r00            [12] 3809 	ldh	a, (_LCDC_REG + 0)
    00000ED7 F6 20            [ 8] 3810 	or	a, #0x20
    00000ED9 E0r00            [12] 3811 	ldh	(_LCDC_REG + 0), a
                                   3812 ;FlyShip.c:143: SPRITES_8x16;
    00000EDB F0r00            [12] 3813 	ldh	a, (_LCDC_REG + 0)
    00000EDD F6 04            [ 8] 3814 	or	a, #0x04
    00000EDF E0r00            [12] 3815 	ldh	(_LCDC_REG + 0), a
                                   3816 ;FlyShip.c:144: DISPLAY_ON;
    00000EE1 F0r00            [12] 3817 	ldh	a, (_LCDC_REG + 0)
    00000EE3 F6 80            [ 8] 3818 	or	a, #0x80
    00000EE5 E0r00            [12] 3819 	ldh	(_LCDC_REG + 0), a
                                   3820 ;FlyShip.c:145: initGame();
    00000EE7 CDrC4r0D         [24] 3821 	call	_initGame
                                   3822 ;FlyShip.c:146: while (1)
    00000EEA                       3823 00196$:
                                   3824 ;FlyShip.c:148: wait_vbl_done();
    00000EEA CDr00r00         [24] 3825 	call	_wait_vbl_done
                                   3826 ;FlyShip.c:149: if (state == 0)
    00000EED FAr01r00         [16] 3827 	ld	a, (#_state)
    00000EF0 B7               [ 4] 3828 	or	a, a
    00000EF1 20 0F            [12] 3829 	jr	NZ, 00104$
                                   3830 ;FlyShip.c:151: waitpad(J_START);
    00000EF3 3E 80            [ 8] 3831 	ld	a, #0x80
    00000EF5 CDr00r00         [24] 3832 	call	_waitpad
                                   3833 ;FlyShip.c:152: state = 1;
    00000EF8 21r01r00         [12] 3834 	ld	hl, #_state
    00000EFB 36 01            [12] 3835 	ld	(hl), #0x01
                                   3836 ;FlyShip.c:153: temp0 = 120;
    00000EFD 21r04r00         [12] 3837 	ld	hl, #_temp0
    00000F00 36 78            [12] 3838 	ld	(hl), #0x78
    00000F02                       3839 00104$:
                                   3840 ;FlyShip.c:155: if (state == 1)
    00000F02 FAr01r00         [16] 3841 	ld	a, (#_state)
    00000F05 3D               [ 4] 3842 	dec	a
    00000F06 C2rB8r0F         [16] 3843 	jp	NZ, 00116$
                                   3844 ;FlyShip.c:157: if (temp0 == 120)
    00000F09 FAr04r00         [16] 3845 	ld	a, (#_temp0)
    00000F0C D6 78            [ 8] 3846 	sub	a, #0x78
    00000F0E 20 21            [12] 3847 	jr	NZ, 00106$
                                   3848 ;FlyShip.c:159: set_win_tiles(9, 0, 1, 1, t4);
    00000F10 11rAEr02         [12] 3849 	ld	de, #_t4
    00000F13 D5               [16] 3850 	push	de
    00000F14 21 01 01         [12] 3851 	ld	hl, #0x101
    00000F17 E5               [16] 3852 	push	hl
    00000F18 21 09 00         [12] 3853 	ld	hl, #0x09
    00000F1B E5               [16] 3854 	push	hl
    00000F1C CDr00r00         [24] 3855 	call	_set_win_tiles
    00000F1F E8 06            [16] 3856 	add	sp, #6
                                   3857 ;FlyShip.c:160: NR21_REG = 0x81;
    00000F21 3E 81            [ 8] 3858 	ld	a, #0x81
    00000F23 E0r00            [12] 3859 	ldh	(_NR21_REG + 0), a
                                   3860 ;FlyShip.c:161: NR22_REG = 0x84;
    00000F25 3E 84            [ 8] 3861 	ld	a, #0x84
    00000F27 E0r00            [12] 3862 	ldh	(_NR22_REG + 0), a
                                   3863 ;FlyShip.c:162: NR23_REG = 0x3A;
    00000F29 3E 3A            [ 8] 3864 	ld	a, #0x3a
    00000F2B E0r00            [12] 3865 	ldh	(_NR23_REG + 0), a
                                   3866 ;FlyShip.c:163: NR24_REG = 0x87;
    00000F2D 3E 87            [ 8] 3867 	ld	a, #0x87
    00000F2F E0r00            [12] 3868 	ldh	(_NR24_REG + 0), a
    00000F31                       3869 00106$:
                                   3870 ;FlyShip.c:165: if (temp0 == 80)
    00000F31 FAr04r00         [16] 3871 	ld	a, (#_temp0)
    00000F34 D6 50            [ 8] 3872 	sub	a, #0x50
    00000F36 20 21            [12] 3873 	jr	NZ, 00108$
                                   3874 ;FlyShip.c:167: set_win_tiles(9, 0, 1, 1, t3);
    00000F38 11rACr02         [12] 3875 	ld	de, #_t3
    00000F3B D5               [16] 3876 	push	de
    00000F3C 21 01 01         [12] 3877 	ld	hl, #0x101
    00000F3F E5               [16] 3878 	push	hl
    00000F40 21 09 00         [12] 3879 	ld	hl, #0x09
    00000F43 E5               [16] 3880 	push	hl
    00000F44 CDr00r00         [24] 3881 	call	_set_win_tiles
    00000F47 E8 06            [16] 3882 	add	sp, #6
                                   3883 ;FlyShip.c:168: NR21_REG = 0x81;
    00000F49 3E 81            [ 8] 3884 	ld	a, #0x81
    00000F4B E0r00            [12] 3885 	ldh	(_NR21_REG + 0), a
                                   3886 ;FlyShip.c:169: NR22_REG = 0x84;
    00000F4D 3E 84            [ 8] 3887 	ld	a, #0x84
    00000F4F E0r00            [12] 3888 	ldh	(_NR22_REG + 0), a
                                   3889 ;FlyShip.c:170: NR23_REG = 0x3A;
    00000F51 3E 3A            [ 8] 3890 	ld	a, #0x3a
    00000F53 E0r00            [12] 3891 	ldh	(_NR23_REG + 0), a
                                   3892 ;FlyShip.c:171: NR24_REG = 0x87;
    00000F55 3E 87            [ 8] 3893 	ld	a, #0x87
    00000F57 E0r00            [12] 3894 	ldh	(_NR24_REG + 0), a
    00000F59                       3895 00108$:
                                   3896 ;FlyShip.c:173: if (temp0 == 40)
    00000F59 FAr04r00         [16] 3897 	ld	a, (#_temp0)
    00000F5C D6 28            [ 8] 3898 	sub	a, #0x28
    00000F5E 20 21            [12] 3899 	jr	NZ, 00110$
                                   3900 ;FlyShip.c:175: set_win_tiles(9, 0, 1, 1, t2);
    00000F60 11rAAr02         [12] 3901 	ld	de, #_t2
    00000F63 D5               [16] 3902 	push	de
    00000F64 21 01 01         [12] 3903 	ld	hl, #0x101
    00000F67 E5               [16] 3904 	push	hl
    00000F68 21 09 00         [12] 3905 	ld	hl, #0x09
    00000F6B E5               [16] 3906 	push	hl
    00000F6C CDr00r00         [24] 3907 	call	_set_win_tiles
    00000F6F E8 06            [16] 3908 	add	sp, #6
                                   3909 ;FlyShip.c:176: NR21_REG = 0x81;
    00000F71 3E 81            [ 8] 3910 	ld	a, #0x81
    00000F73 E0r00            [12] 3911 	ldh	(_NR21_REG + 0), a
                                   3912 ;FlyShip.c:177: NR22_REG = 0x84;
    00000F75 3E 84            [ 8] 3913 	ld	a, #0x84
    00000F77 E0r00            [12] 3914 	ldh	(_NR22_REG + 0), a
                                   3915 ;FlyShip.c:178: NR23_REG = 0x3A;
    00000F79 3E 3A            [ 8] 3916 	ld	a, #0x3a
    00000F7B E0r00            [12] 3917 	ldh	(_NR23_REG + 0), a
                                   3918 ;FlyShip.c:179: NR24_REG = 0x87;
    00000F7D 3E 87            [ 8] 3919 	ld	a, #0x87
    00000F7F E0r00            [12] 3920 	ldh	(_NR24_REG + 0), a
    00000F81                       3921 00110$:
                                   3922 ;FlyShip.c:181: if (temp0 == 0)
    00000F81 FAr04r00         [16] 3923 	ld	a, (#_temp0)
    00000F84 B7               [ 4] 3924 	or	a, a
    00000F85 20 29            [12] 3925 	jr	NZ, 00112$
                                   3926 ;FlyShip.c:183: set_win_tiles(9, 0, 1, 1, t1);
    00000F87 01rA8r02         [12] 3927 	ld	bc, #_t1+0
    00000F8A C5               [16] 3928 	push	bc
    00000F8B 21 01 01         [12] 3929 	ld	hl, #0x101
    00000F8E E5               [16] 3930 	push	hl
    00000F8F 21 09 00         [12] 3931 	ld	hl, #0x09
    00000F92 E5               [16] 3932 	push	hl
    00000F93 CDr00r00         [24] 3933 	call	_set_win_tiles
    00000F96 E8 06            [16] 3934 	add	sp, #6
                                   3935 ;FlyShip.c:184: NR21_REG = 0x81;
    00000F98 3E 81            [ 8] 3936 	ld	a, #0x81
    00000F9A E0r00            [12] 3937 	ldh	(_NR21_REG + 0), a
                                   3938 ;FlyShip.c:185: NR22_REG = 0x84;
    00000F9C 3E 84            [ 8] 3939 	ld	a, #0x84
    00000F9E E0r00            [12] 3940 	ldh	(_NR22_REG + 0), a
                                   3941 ;FlyShip.c:186: NR23_REG = 0x9E;
    00000FA0 3E 9E            [ 8] 3942 	ld	a, #0x9e
    00000FA2 E0r00            [12] 3943 	ldh	(_NR23_REG + 0), a
                                   3944 ;FlyShip.c:187: NR24_REG = 0x87;
    00000FA4 3E 87            [ 8] 3945 	ld	a, #0x87
    00000FA6 E0r00            [12] 3946 	ldh	(_NR24_REG + 0), a
                                   3947 ;FlyShip.c:188: draw_stars();
    00000FA8 CDrD0r0C         [24] 3948 	call	_draw_stars
                                   3949 ;FlyShip.c:189: state = 2;
    00000FAB 21r01r00         [12] 3950 	ld	hl, #_state
    00000FAE 36 02            [12] 3951 	ld	(hl), #0x02
    00000FB0                       3952 00112$:
                                   3953 ;FlyShip.c:191: if (temp0 > 0)
    00000FB0 21r04r00         [12] 3954 	ld	hl, #_temp0
    00000FB3 7E               [ 8] 3955 	ld	a, (hl)
    00000FB4 B7               [ 4] 3956 	or	a, a
    00000FB5 28 01            [12] 3957 	jr	Z, 00116$
                                   3958 ;FlyShip.c:192: temp0--;
    00000FB7 35               [12] 3959 	dec	(hl)
    00000FB8                       3960 00116$:
                                   3961 ;FlyShip.c:194: if (state == 2)
    00000FB8 FAr01r00         [16] 3962 	ld	a, (#_state)
    00000FBB D6 02            [ 8] 3963 	sub	a, #0x02
    00000FBD C2rEAr0E         [16] 3964 	jp	NZ, 00196$
                                   3965 ;FlyShip.c:196: if (((joypad() & J_A) || (joypad() & J_B)) && had_Shot == 0)
    00000FC0 CDr00r00         [24] 3966 	call	_joypad
    00000FC3 CB 67            [ 8] 3967 	bit	4, a
    00000FC5 20 07            [12] 3968 	jr	NZ, 00120$
    00000FC7 CDr00r00         [24] 3969 	call	_joypad
    00000FCA CB 6F            [ 8] 3970 	bit	5, a
    00000FCC 28 32            [12] 3971 	jr	Z, 00118$
    00000FCE                       3972 00120$:
    00000FCE 21r11r00         [12] 3973 	ld	hl, #_had_Shot
    00000FD1 7E               [ 8] 3974 	ld	a, (hl)
    00000FD2 B7               [ 4] 3975 	or	a, a
    00000FD3 20 2B            [12] 3976 	jr	NZ, 00118$
                                   3977 ;FlyShip.c:198: had_Shot = 1;
    00000FD5 36 01            [12] 3978 	ld	(hl), #0x01
                                   3979 ;FlyShip.c:199: PLAYER_SHOT.x = PLAYER_X + 4;
    00000FD7 FAr26r01         [16] 3980 	ld	a, (_PLAYER_X)
    00000FDA C6 04            [ 8] 3981 	add	a, #0x04
    00000FDC 21r1Br00         [12] 3982 	ld	hl, #_PLAYER_SHOT
                                   3983 ;FlyShip.c:200: PLAYER_SHOT.y = player_y + 16;
    00000FDF 22               [ 8] 3984 	ld	(hl+), a
    00000FE0 36 7D            [12] 3985 	ld	(hl), #0x7d
                                   3986 ;FlyShip.c:201: PLAYER_SHOT.height = 9;
    00000FE2 21r1Dr00         [12] 3987 	ld	hl, #_PLAYER_SHOT + 2
    00000FE5 36 09            [12] 3988 	ld	(hl), #0x09
                                   3989 ;FlyShip.c:202: PLAYER_SHOT.width = 8;
    00000FE7 21r1Er00         [12] 3990 	ld	hl, #_PLAYER_SHOT + 3
    00000FEA 36 08            [12] 3991 	ld	(hl), #0x08
                                   3992 ;FlyShip.c:203: NR10_REG = 0x3B;
    00000FEC 3E 3B            [ 8] 3993 	ld	a, #0x3b
    00000FEE E0r00            [12] 3994 	ldh	(_NR10_REG + 0), a
                                   3995 ;FlyShip.c:204: NR11_REG = 0x80;
    00000FF0 3E 80            [ 8] 3996 	ld	a, #0x80
    00000FF2 E0r00            [12] 3997 	ldh	(_NR11_REG + 0), a
                                   3998 ;FlyShip.c:205: NR12_REG = 0xF2;
    00000FF4 3E F2            [ 8] 3999 	ld	a, #0xf2
    00000FF6 E0r00            [12] 4000 	ldh	(_NR12_REG + 0), a
                                   4001 ;FlyShip.c:206: NR13_REG = 0xB4;
    00000FF8 3E B4            [ 8] 4002 	ld	a, #0xb4
    00000FFA E0r00            [12] 4003 	ldh	(_NR13_REG + 0), a
                                   4004 ;FlyShip.c:207: NR14_REG = 0x85;
    00000FFC 3E 85            [ 8] 4005 	ld	a, #0x85
    00000FFE E0r00            [12] 4006 	ldh	(_NR14_REG + 0), a
    00001000                       4007 00118$:
                                   4008 ;FlyShip.c:209: if (joypad() & J_LEFT)
    00001000 CDr00r00         [24] 4009 	call	_joypad
    00001003 CB 4F            [ 8] 4010 	bit	1, a
    00001005 28 09            [12] 4011 	jr	Z, 00124$
                                   4012 ;FlyShip.c:211: if (PLAYER_X > 0x08)
    00001007 3E 08            [ 8] 4013 	ld	a, #0x08
    00001009 21r26r01         [12] 4014 	ld	hl, #_PLAYER_X
    0000100C 96               [ 8] 4015 	sub	a, (hl)
    0000100D 30 01            [12] 4016 	jr	NC, 00124$
                                   4017 ;FlyShip.c:212: --PLAYER_X;
    0000100F 35               [12] 4018 	dec	(hl)
    00001010                       4019 00124$:
                                   4020 ;FlyShip.c:214: if (joypad() & J_RIGHT)
    00001010 CDr00r00         [24] 4021 	call	_joypad
    00001013 0F               [ 4] 4022 	rrca
    00001014 30 09            [12] 4023 	jr	NC, 00128$
                                   4024 ;FlyShip.c:216: if (PLAYER_X < 0x98)
    00001016 21r26r01         [12] 4025 	ld	hl, #_PLAYER_X
    00001019 7E               [ 8] 4026 	ld	a, (hl)
    0000101A D6 98            [ 8] 4027 	sub	a, #0x98
    0000101C 30 01            [12] 4028 	jr	NC, 00128$
                                   4029 ;FlyShip.c:217: ++PLAYER_X;
    0000101E 34               [12] 4030 	inc	(hl)
    0000101F                       4031 00128$:
                                   4032 ;FlyShip.c:219: if (joypad() & J_START)
    0000101F CDr00r00         [24] 4033 	call	_joypad
    00001022 07               [ 4] 4034 	rlca
    00001023 30 26            [12] 4035 	jr	NC, 00130$
                                   4036 ;FlyShip.c:221: state = 4;
    00001025 21r01r00         [12] 4037 	ld	hl, #_state
    00001028 36 04            [12] 4038 	ld	(hl), #0x04
                                   4039 ;FlyShip.c:222: set_win_tiles(12, 0, 5, 1, pause);
    0000102A 11rA3r02         [12] 4040 	ld	de, #_pause
    0000102D D5               [16] 4041 	push	de
    0000102E 21 05 01         [12] 4042 	ld	hl, #0x105
    00001031 E5               [16] 4043 	push	hl
    00001032 21 0C 00         [12] 4044 	ld	hl, #0x0c
    00001035 E5               [16] 4045 	push	hl
    00001036 CDr00r00         [24] 4046 	call	_set_win_tiles
    00001039 E8 06            [16] 4047 	add	sp, #6
                                   4048 ;FlyShip.c:223: NR21_REG = 0x85;
    0000103B 3E 85            [ 8] 4049 	ld	a, #0x85
    0000103D E0r00            [12] 4050 	ldh	(_NR21_REG + 0), a
                                   4051 ;FlyShip.c:224: NR22_REG = 0x84;
    0000103F 3E 84            [ 8] 4052 	ld	a, #0x84
    00001041 E0r00            [12] 4053 	ldh	(_NR22_REG + 0), a
                                   4054 ;FlyShip.c:225: NR23_REG = 0x96;
    00001043 3E 96            [ 8] 4055 	ld	a, #0x96
    00001045 E0r00            [12] 4056 	ldh	(_NR23_REG + 0), a
                                   4057 ;FlyShip.c:226: NR24_REG = 0x85;
    00001047 3E 85            [ 8] 4058 	ld	a, #0x85
    00001049 E0r00            [12] 4059 	ldh	(_NR24_REG + 0), a
    0000104B                       4060 00130$:
                                   4061 ;FlyShip.c:228: check_score();
    0000104B CDrF0r0D         [24] 4062 	call	_check_score
                                   4063 ;FlyShip.c:229: set_score();
    0000104E CDr1Ar0E         [24] 4064 	call	_set_score
                                   4065 ;g:\gbdk\include\gb\gb.h:1475: SCX_REG+=x, SCY_REG+=y;
    00001051 F0r00            [12] 4066 	ldh	a, (_SCY_REG + 0)
    00001053 C6 FE            [ 8] 4067 	add	a, #0xfe
    00001055 E0r00            [12] 4068 	ldh	(_SCY_REG + 0), a
                                   4069 ;FlyShip.c:231: if (FIRE_TIMER == 0)
    00001057 FAr10r00         [16] 4070 	ld	a, (#_FIRE_TIMER)
    0000105A B7               [ 4] 4071 	or	a, a
    0000105B 20 13            [12] 4072 	jr	NZ, 00132$
                                   4073 ;FlyShip.c:233: FIRE_INDEX = (FIRE_INDEX == 0) ? 1 : 0;
    0000105D FAr0Fr00         [16] 4074 	ld	a, (#_FIRE_INDEX)
    00001060 B7               [ 4] 4075 	or	a, a
    00001061 3E 01            [ 8] 4076 	ld	a, #0x01
    00001063 28 01            [12] 4077 	jr	Z, 00220$
    00001065 AF               [ 4] 4078 	xor	a, a
    00001066                       4079 00220$:
    00001066 EAr0Fr00         [16] 4080 	ld	(#_FIRE_INDEX),a
                                   4081 ;FlyShip.c:234: FIRE_TIMER = 10;
    00001069 21r10r00         [12] 4082 	ld	hl, #_FIRE_TIMER
    0000106C 36 0A            [12] 4083 	ld	(hl), #0x0a
    0000106E 18 04            [12] 4084 	jr	00133$
    00001070                       4085 00132$:
                                   4086 ;FlyShip.c:238: --FIRE_TIMER;
    00001070 21r10r00         [12] 4087 	ld	hl, #_FIRE_TIMER
    00001073 35               [12] 4088 	dec	(hl)
    00001074                       4089 00133$:
                                   4090 ;FlyShip.c:241: if (STAR1_TIMER == 0)
    00001074 FAr0Cr00         [16] 4091 	ld	a, (#_STAR1_TIMER)
    00001077 B7               [ 4] 4092 	or	a, a
    00001078 20 12            [12] 4093 	jr	NZ, 00137$
                                   4094 ;FlyShip.c:243: STAR1_INDEX++;
    0000107A 21r09r00         [12] 4095 	ld	hl, #_STAR1_INDEX
    0000107D 34               [12] 4096 	inc	(hl)
                                   4097 ;FlyShip.c:244: if (STAR1_INDEX > 2)
    0000107E 3E 02            [ 8] 4098 	ld	a, #0x02
    00001080 96               [ 8] 4099 	sub	a, (hl)
    00001081 30 02            [12] 4100 	jr	NC, 00135$
                                   4101 ;FlyShip.c:245: STAR1_INDEX = 0;
    00001083 36 00            [12] 4102 	ld	(hl), #0x00
    00001085                       4103 00135$:
                                   4104 ;FlyShip.c:246: STAR1_TIMER = 10;
    00001085 21r0Cr00         [12] 4105 	ld	hl, #_STAR1_TIMER
    00001088 36 0A            [12] 4106 	ld	(hl), #0x0a
    0000108A 18 04            [12] 4107 	jr	00138$
    0000108C                       4108 00137$:
                                   4109 ;FlyShip.c:250: STAR1_TIMER--;
    0000108C 21r0Cr00         [12] 4110 	ld	hl, #_STAR1_TIMER
    0000108F 35               [12] 4111 	dec	(hl)
    00001090                       4112 00138$:
                                   4113 ;FlyShip.c:252: if (STAR2_TIMER == 0)
    00001090 FAr0Dr00         [16] 4114 	ld	a, (#_STAR2_TIMER)
    00001093 B7               [ 4] 4115 	or	a, a
    00001094 20 12            [12] 4116 	jr	NZ, 00142$
                                   4117 ;FlyShip.c:254: STAR2_INDEX++;
    00001096 21r0Ar00         [12] 4118 	ld	hl, #_STAR2_INDEX
    00001099 34               [12] 4119 	inc	(hl)
                                   4120 ;FlyShip.c:255: if (STAR2_INDEX > 2)
    0000109A 3E 02            [ 8] 4121 	ld	a, #0x02
    0000109C 96               [ 8] 4122 	sub	a, (hl)
    0000109D 30 02            [12] 4123 	jr	NC, 00140$
                                   4124 ;FlyShip.c:256: STAR2_INDEX = 0;
    0000109F 36 00            [12] 4125 	ld	(hl), #0x00
    000010A1                       4126 00140$:
                                   4127 ;FlyShip.c:257: STAR2_TIMER = 21;
    000010A1 21r0Dr00         [12] 4128 	ld	hl, #_STAR2_TIMER
    000010A4 36 15            [12] 4129 	ld	(hl), #0x15
    000010A6 18 04            [12] 4130 	jr	00143$
    000010A8                       4131 00142$:
                                   4132 ;FlyShip.c:261: STAR2_TIMER--;
    000010A8 21r0Dr00         [12] 4133 	ld	hl, #_STAR2_TIMER
    000010AB 35               [12] 4134 	dec	(hl)
    000010AC                       4135 00143$:
                                   4136 ;FlyShip.c:263: if (STAR3_TIMER == 0)
    000010AC FAr0Er00         [16] 4137 	ld	a, (#_STAR3_TIMER)
    000010AF B7               [ 4] 4138 	or	a, a
    000010B0 20 12            [12] 4139 	jr	NZ, 00147$
                                   4140 ;FlyShip.c:265: STAR3_INDEX++;
    000010B2 21r0Br00         [12] 4141 	ld	hl, #_STAR3_INDEX
    000010B5 34               [12] 4142 	inc	(hl)
                                   4143 ;FlyShip.c:266: if (STAR3_INDEX > 2)
    000010B6 3E 02            [ 8] 4144 	ld	a, #0x02
    000010B8 96               [ 8] 4145 	sub	a, (hl)
    000010B9 30 02            [12] 4146 	jr	NC, 00145$
                                   4147 ;FlyShip.c:267: STAR3_INDEX = 0;
    000010BB 36 00            [12] 4148 	ld	(hl), #0x00
    000010BD                       4149 00145$:
                                   4150 ;FlyShip.c:268: STAR3_TIMER = 29;
    000010BD 21r0Er00         [12] 4151 	ld	hl, #_STAR3_TIMER
    000010C0 36 1D            [12] 4152 	ld	(hl), #0x1d
    000010C2 18 04            [12] 4153 	jr	00148$
    000010C4                       4154 00147$:
                                   4155 ;FlyShip.c:272: STAR3_TIMER--;
    000010C4 21r0Er00         [12] 4156 	ld	hl, #_STAR3_TIMER
    000010C7 35               [12] 4157 	dec	(hl)
    000010C8                       4158 00148$:
                                   4159 ;FlyShip.c:275: set_bkg_data(38, 1, stars[STAR1_INDEX]);
    000010C8 01r20r01         [12] 4160 	ld	bc, #_stars+0
    000010CB FAr09r00         [16] 4161 	ld	a, (_STAR1_INDEX)
    000010CE 26 00            [ 8] 4162 	ld	h, #0x00
    000010D0 6F               [ 4] 4163 	ld	l, a
    000010D1 29               [ 8] 4164 	add	hl, hl
    000010D2 09               [ 8] 4165 	add	hl, bc
    000010D3 2A               [ 8] 4166 	ld	a,	(hl+)
    000010D4 66               [ 8] 4167 	ld	h, (hl)
    000010D5 6F               [ 4] 4168 	ld	l, a
    000010D6 E5               [16] 4169 	push	hl
    000010D7 21 26 01         [12] 4170 	ld	hl, #0x126
    000010DA E5               [16] 4171 	push	hl
    000010DB CDr00r00         [24] 4172 	call	_set_bkg_data
    000010DE E8 04            [16] 4173 	add	sp, #4
                                   4174 ;FlyShip.c:276: set_bkg_data(39, 1, stars[STAR2_INDEX]);
    000010E0 FAr0Ar00         [16] 4175 	ld	a, (_STAR2_INDEX)
    000010E3 26 00            [ 8] 4176 	ld	h, #0x00
    000010E5 6F               [ 4] 4177 	ld	l, a
    000010E6 29               [ 8] 4178 	add	hl, hl
    000010E7 09               [ 8] 4179 	add	hl, bc
    000010E8 2A               [ 8] 4180 	ld	a,	(hl+)
    000010E9 66               [ 8] 4181 	ld	h, (hl)
    000010EA 6F               [ 4] 4182 	ld	l, a
    000010EB E5               [16] 4183 	push	hl
    000010EC 21 27 01         [12] 4184 	ld	hl, #0x127
    000010EF E5               [16] 4185 	push	hl
    000010F0 CDr00r00         [24] 4186 	call	_set_bkg_data
    000010F3 E8 04            [16] 4187 	add	sp, #4
                                   4188 ;FlyShip.c:277: set_bkg_data(40, 1, stars[STAR3_INDEX]);
    000010F5 FAr0Br00         [16] 4189 	ld	a, (_STAR3_INDEX)
    000010F8 26 00            [ 8] 4190 	ld	h, #0x00
    000010FA 6F               [ 4] 4191 	ld	l, a
    000010FB 29               [ 8] 4192 	add	hl, hl
    000010FC 09               [ 8] 4193 	add	hl, bc
    000010FD 2A               [ 8] 4194 	ld	a, (hl+)
    000010FE 4F               [ 4] 4195 	ld	c, a
    000010FF 46               [ 8] 4196 	ld	b, (hl)
    00001100 C5               [16] 4197 	push	bc
    00001101 21 28 01         [12] 4198 	ld	hl, #0x128
    00001104 E5               [16] 4199 	push	hl
    00001105 CDr00r00         [24] 4200 	call	_set_bkg_data
    00001108 E8 04            [16] 4201 	add	sp, #4
                                   4202 ;FlyShip.c:278: set_sprite_tile(2, 4 + FIRE_INDEX * 4);
    0000110A FAr0Fr00         [16] 4203 	ld	a, (_FIRE_INDEX)
    0000110D 87               [ 4] 4204 	add	a, a
    0000110E 87               [ 4] 4205 	add	a, a
    0000110F C6 04            [ 8] 4206 	add	a, #0x04
    00001111 4F               [ 4] 4207 	ld	c, a
                                   4208 ;g:\gbdk\include\gb\gb.h:1887: shadow_OAM[nb].tile=tile;
    00001112 21r0Ar00         [12] 4209 	ld	hl, #(_shadow_OAM + 10)
    00001115 71               [ 8] 4210 	ld	(hl), c
                                   4211 ;FlyShip.c:279: set_sprite_tile(3, 6 + FIRE_INDEX * 4);
    00001116 FAr0Fr00         [16] 4212 	ld	a, (_FIRE_INDEX)
    00001119 87               [ 4] 4213 	add	a, a
    0000111A 87               [ 4] 4214 	add	a, a
    0000111B C6 06            [ 8] 4215 	add	a, #0x06
    0000111D 4F               [ 4] 4216 	ld	c, a
                                   4217 ;g:\gbdk\include\gb\gb.h:1887: shadow_OAM[nb].tile=tile;
    0000111E 21r0Er00         [12] 4218 	ld	hl, #(_shadow_OAM + 14)
    00001121 71               [ 8] 4219 	ld	(hl), c
                                   4220 ;FlyShip.c:280: move_sprite(0, PLAYER_X, 0x7D);
    00001122 FAr26r01         [16] 4221 	ld	a, (_PLAYER_X)
    00001125 4F               [ 4] 4222 	ld	c, a
                                   4223 ;g:\gbdk\include\gb\gb.h:1973: OAM_item_t * itm = &shadow_OAM[nb];
    00001126 21r00r00         [12] 4224 	ld	hl, #_shadow_OAM
                                   4225 ;g:\gbdk\include\gb\gb.h:1974: itm->y=y, itm->x=x;
    00001129 3E 7D            [ 8] 4226 	ld	a, #0x7d
    0000112B 22               [ 8] 4227 	ld	(hl+), a
    0000112C 71               [ 8] 4228 	ld	(hl), c
                                   4229 ;FlyShip.c:281: move_sprite(1, PLAYER_X + 8, 0x7D);
    0000112D FAr26r01         [16] 4230 	ld	a, (_PLAYER_X)
    00001130 C6 08            [ 8] 4231 	add	a, #0x08
    00001132 4F               [ 4] 4232 	ld	c, a
                                   4233 ;g:\gbdk\include\gb\gb.h:1973: OAM_item_t * itm = &shadow_OAM[nb];
    00001133 21r04r00         [12] 4234 	ld	hl, #(_shadow_OAM + 4)
                                   4235 ;g:\gbdk\include\gb\gb.h:1974: itm->y=y, itm->x=x;
    00001136 3E 7D            [ 8] 4236 	ld	a, #0x7d
    00001138 22               [ 8] 4237 	ld	(hl+), a
    00001139 71               [ 8] 4238 	ld	(hl), c
                                   4239 ;FlyShip.c:282: move_sprite(2, PLAYER_X, 0x89);
    0000113A FAr26r01         [16] 4240 	ld	a, (_PLAYER_X)
    0000113D 4F               [ 4] 4241 	ld	c, a
                                   4242 ;g:\gbdk\include\gb\gb.h:1973: OAM_item_t * itm = &shadow_OAM[nb];
    0000113E 21r08r00         [12] 4243 	ld	hl, #(_shadow_OAM + 8)
                                   4244 ;g:\gbdk\include\gb\gb.h:1974: itm->y=y, itm->x=x;
    00001141 3E 89            [ 8] 4245 	ld	a, #0x89
    00001143 22               [ 8] 4246 	ld	(hl+), a
    00001144 71               [ 8] 4247 	ld	(hl), c
                                   4248 ;FlyShip.c:283: move_sprite(3, PLAYER_X + 8, 0x89);
    00001145 FAr26r01         [16] 4249 	ld	a, (_PLAYER_X)
    00001148 C6 08            [ 8] 4250 	add	a, #0x08
    0000114A 4F               [ 4] 4251 	ld	c, a
                                   4252 ;g:\gbdk\include\gb\gb.h:1973: OAM_item_t * itm = &shadow_OAM[nb];
    0000114B 21r0Cr00         [12] 4253 	ld	hl, #(_shadow_OAM + 12)
                                   4254 ;g:\gbdk\include\gb\gb.h:1974: itm->y=y, itm->x=x;
    0000114E 3E 89            [ 8] 4255 	ld	a, #0x89
    00001150 22               [ 8] 4256 	ld	(hl+), a
    00001151 71               [ 8] 4257 	ld	(hl), c
                                   4258 ;FlyShip.c:285: ++ENEMY.y;
    00001152 FAr18r00         [16] 4259 	ld	a, (#(_ENEMY + 1) + 0)
    00001155 3C               [ 4] 4260 	inc	a
    00001156 EAr18r00         [16] 4261 	ld	(#(_ENEMY + 1)),a
                                   4262 ;FlyShip.c:286: if (enemy_spwaned == 0)
    00001159 21r02r00         [12] 4263 	ld	hl, #_enemy_spwaned
    0000115C 7E               [ 8] 4264 	ld	a, (hl)
    0000115D B7               [ 4] 4265 	or	a, a
    0000115E 20 35            [12] 4266 	jr	NZ, 00158$
                                   4267 ;FlyShip.c:288: enemy_spwaned = 1;
    00001160 36 01            [12] 4268 	ld	(hl), #0x01
                                   4269 ;FlyShip.c:289: for (temp1 = 0; temp1 < 10; ++temp1)
    00001162 AF               [ 4] 4270 	xor	a, a
    00001163 EAr05r00         [16] 4271 	ld	(#_temp1),a
    00001166                       4272 00214$:
                                   4273 ;FlyShip.c:291: temp0 = rand();
    00001166 CDr00r00         [24] 4274 	call	_rand
    00001169 21r04r00         [12] 4275 	ld	hl, #_temp0
    0000116C 73               [ 8] 4276 	ld	(hl), e
                                   4277 ;FlyShip.c:292: if (temp0 < 0x08)
    0000116D 7E               [ 8] 4278 	ld	a, (hl)
    0000116E D6 08            [ 8] 4279 	sub	a, #0x08
    00001170 38 05            [12] 4280 	jr	C, 00155$
                                   4281 ;FlyShip.c:294: else if (temp0 > 0x98)
    00001172 3E 98            [ 8] 4282 	ld	a, #0x98
    00001174 96               [ 8] 4283 	sub	a, (hl)
    00001175 30 09            [12] 4284 	jr	NC, 00156$
                                   4285 ;FlyShip.c:297: break;
    00001177                       4286 00155$:
                                   4287 ;FlyShip.c:289: for (temp1 = 0; temp1 < 10; ++temp1)
    00001177 21r05r00         [12] 4288 	ld	hl, #_temp1
    0000117A 34               [12] 4289 	inc	(hl)
    0000117B 7E               [ 8] 4290 	ld	a, (hl)
    0000117C D6 0A            [ 8] 4291 	sub	a, #0x0a
    0000117E 38 E6            [12] 4292 	jr	C, 00214$
    00001180                       4293 00156$:
                                   4294 ;FlyShip.c:299: ENEMY.x = temp0;
    00001180 11r17r00         [12] 4295 	ld	de, #_ENEMY
    00001183 FAr04r00         [16] 4296 	ld	a, (_temp0)
    00001186 12               [ 8] 4297 	ld	(de), a
                                   4298 ;FlyShip.c:300: ENEMY.y = 0;
    00001187 21r18r00         [12] 4299 	ld	hl, #(_ENEMY + 1)
                                   4300 ;FlyShip.c:301: ENEMY.height = 16;
    0000118A AF               [ 4] 4301 	xor	a, a
    0000118B 22               [ 8] 4302 	ld	(hl+), a
    0000118C 36 10            [12] 4303 	ld	(hl), #0x10
                                   4304 ;FlyShip.c:302: ENEMY.width = 6;
    0000118E 21r1Ar00         [12] 4305 	ld	hl, #_ENEMY + 3
    00001191 36 06            [12] 4306 	ld	(hl), #0x06
    00001193 18 2C            [12] 4307 	jr	00159$
    00001195                       4308 00158$:
                                   4309 ;g:\gbdk\include\gb\gb.h:1887: shadow_OAM[nb].tile=tile;
    00001195 21r16r00         [12] 4310 	ld	hl, #(_shadow_OAM + 22)
    00001198 36 0E            [12] 4311 	ld	(hl), #0x0e
    0000119A 21r1Ar00         [12] 4312 	ld	hl, #(_shadow_OAM + 26)
    0000119D 36 10            [12] 4313 	ld	(hl), #0x10
                                   4314 ;FlyShip.c:308: move_sprite(5, ENEMY.x, ENEMY.y);
    0000119F 21r18r00         [12] 4315 	ld	hl, #(_ENEMY + 1)
    000011A2 46               [ 8] 4316 	ld	b, (hl)
    000011A3 21r17r00         [12] 4317 	ld	hl, #_ENEMY
    000011A6 4E               [ 8] 4318 	ld	c, (hl)
                                   4319 ;g:\gbdk\include\gb\gb.h:1973: OAM_item_t * itm = &shadow_OAM[nb];
    000011A7 21r14r00         [12] 4320 	ld	hl, #(_shadow_OAM + 20)
                                   4321 ;g:\gbdk\include\gb\gb.h:1974: itm->y=y, itm->x=x;
    000011AA 78               [ 4] 4322 	ld	a, b
    000011AB 22               [ 8] 4323 	ld	(hl+), a
    000011AC 71               [ 8] 4324 	ld	(hl), c
                                   4325 ;FlyShip.c:309: move_sprite(6, ENEMY.x + 8, ENEMY.y);
    000011AD 21r18r00         [12] 4326 	ld	hl, #(_ENEMY + 1)
    000011B0 4E               [ 8] 4327 	ld	c, (hl)
    000011B1 FAr17r00         [16] 4328 	ld	a, (#_ENEMY + 0)
    000011B4 C6 08            [ 8] 4329 	add	a, #0x08
    000011B6 F8 07            [12] 4330 	ldhl	sp,	#7
    000011B8 77               [ 8] 4331 	ld	(hl), a
                                   4332 ;g:\gbdk\include\gb\gb.h:1973: OAM_item_t * itm = &shadow_OAM[nb];
    000011B9 11r18r00         [12] 4333 	ld	de, #_shadow_OAM+24
                                   4334 ;g:\gbdk\include\gb\gb.h:1974: itm->y=y, itm->x=x;
    000011BC 79               [ 4] 4335 	ld	a, c
    000011BD 12               [ 8] 4336 	ld	(de), a
    000011BE 13               [ 8] 4337 	inc	de
    000011BF 7E               [ 8] 4338 	ld	a, (hl)
    000011C0 12               [ 8] 4339 	ld	(de), a
                                   4340 ;FlyShip.c:309: move_sprite(6, ENEMY.x + 8, ENEMY.y);
    000011C1                       4341 00159$:
                                   4342 ;FlyShip.c:311: PLAYER.x = PLAYER_X;
    000011C1 11r1Fr00         [12] 4343 	ld	de, #_PLAYER
    000011C4 FAr26r01         [16] 4344 	ld	a, (_PLAYER_X)
    000011C7 12               [ 8] 4345 	ld	(de), a
                                   4346 ;FlyShip.c:313: if (ENEMY.y > 200)
    000011C8 FAr18r00         [16] 4347 	ld	a, (#(_ENEMY + 1) + 0)
    000011CB FE C9            [ 8] 4348 	cp	a, #0xc9
    000011CD 38 04            [12] 4349 	jr	C, 00161$
                                   4350 ;FlyShip.c:315: enemy_spwaned = 0;
    000011CF AF               [ 4] 4351 	xor	a, a
    000011D0 EAr02r00         [16] 4352 	ld	(#_enemy_spwaned),a
    000011D3                       4353 00161$:
                                   4354 ;FlyShip.c:318: PLAYER_SHOT.y -= 2;
    000011D3 FAr1Cr00         [16] 4355 	ld	a, (#(_PLAYER_SHOT + 1) + 0)
    000011D6 3D               [ 4] 4356 	dec	a
    000011D7 3D               [ 4] 4357 	dec	a
    000011D8 EAr1Cr00         [16] 4358 	ld	(#(_PLAYER_SHOT + 1)),a
                                   4359 ;FlyShip.c:319: if (PLAYER_SHOT.y < 3)
    000011DB FAr1Cr00         [16] 4360 	ld	a, (#(_PLAYER_SHOT + 1) + 0)
    000011DE D6 03            [ 8] 4361 	sub	a, #0x03
    000011E0 30 09            [12] 4362 	jr	NC, 00163$
                                   4363 ;FlyShip.c:321: had_Shot = 0;
    000011E2 AF               [ 4] 4364 	xor	a, a
    000011E3 EAr11r00         [16] 4365 	ld	(#_had_Shot),a
                                   4366 ;g:\gbdk\include\gb\gb.h:1887: shadow_OAM[nb].tile=tile;
    000011E6 21r12r00         [12] 4367 	ld	hl, #(_shadow_OAM + 18)
    000011E9 36 1A            [12] 4368 	ld	(hl), #0x1a
                                   4369 ;FlyShip.c:322: set_sprite_tile(4, 0x1A);
    000011EB                       4370 00163$:
                                   4371 ;FlyShip.c:324: if (had_Shot == 1)
    000011EB FAr11r00         [16] 4372 	ld	a, (#_had_Shot)
    000011EE 3D               [ 4] 4373 	dec	a
    000011EF 20 13            [12] 4374 	jr	NZ, 00165$
                                   4375 ;g:\gbdk\include\gb\gb.h:1887: shadow_OAM[nb].tile=tile;
    000011F1 21r12r00         [12] 4376 	ld	hl, #(_shadow_OAM + 18)
    000011F4 36 0C            [12] 4377 	ld	(hl), #0x0c
                                   4378 ;FlyShip.c:327: move_sprite(4, PLAYER_SHOT.x, PLAYER_SHOT.y);
    000011F6 21r1Cr00         [12] 4379 	ld	hl, #(_PLAYER_SHOT + 1)
    000011F9 46               [ 8] 4380 	ld	b, (hl)
    000011FA 21r1Br00         [12] 4381 	ld	hl, #_PLAYER_SHOT
    000011FD 4E               [ 8] 4382 	ld	c, (hl)
                                   4383 ;g:\gbdk\include\gb\gb.h:1973: OAM_item_t * itm = &shadow_OAM[nb];
    000011FE 21r10r00         [12] 4384 	ld	hl, #(_shadow_OAM + 16)
                                   4385 ;g:\gbdk\include\gb\gb.h:1974: itm->y=y, itm->x=x;
    00001201 78               [ 4] 4386 	ld	a, b
    00001202 22               [ 8] 4387 	ld	(hl+), a
    00001203 71               [ 8] 4388 	ld	(hl), c
                                   4389 ;FlyShip.c:327: move_sprite(4, PLAYER_SHOT.x, PLAYER_SHOT.y);
    00001204                       4390 00165$:
                                   4391 ;FlyShip.c:330: if ((ENEMY.x + 3 >= PLAYER_SHOT.x && ENEMY.x + 3 <= PLAYER_SHOT.x + PLAYER_SHOT.width) &&
    00001204 21r17r00         [12] 4392 	ld	hl, #_ENEMY
    00001207 4E               [ 8] 4393 	ld	c, (hl)
    00001208 06 00            [ 8] 4394 	ld	b, #0x00
    0000120A 03               [ 8] 4395 	inc	bc
    0000120B 03               [ 8] 4396 	inc	bc
    0000120C 03               [ 8] 4397 	inc	bc
    0000120D FAr1Br00         [16] 4398 	ld	a, (#_PLAYER_SHOT + 0)
    00001210 F8 02            [12] 4399 	ldhl	sp,	#2
    00001212 22               [ 8] 4400 	ld	(hl+), a
                                   4401 ;FlyShip.c:301: ENEMY.height = 16;
                                   4402 ;FlyShip.c:302: ENEMY.width = 6;
                                   4403 ;FlyShip.c:330: if ((ENEMY.x + 3 >= PLAYER_SHOT.x && ENEMY.x + 3 <= PLAYER_SHOT.x + PLAYER_SHOT.width) &&
    00001213 AF               [ 4] 4404 	xor	a, a
    00001214 32               [ 8] 4405 	ld	(hl-), a
    00001215 79               [ 4] 4406 	ld	a, c
    00001216 96               [ 8] 4407 	sub	a, (hl)
    00001217 23               [ 8] 4408 	inc	hl
    00001218 78               [ 4] 4409 	ld	a, b
    00001219 9E               [ 8] 4410 	sbc	a, (hl)
    0000121A 38 5A            [12] 4411 	jr	C, 00176$
    0000121C 21r1Er00         [12] 4412 	ld	hl, #_PLAYER_SHOT + 3
    0000121F 5E               [ 8] 4413 	ld	e, (hl)
    00001220 16 00            [ 8] 4414 	ld	d, #0x00
    00001222 F8 02            [12] 4415 	ldhl	sp,	#2
    00001224 2A               [ 8] 4416 	ld	a,	(hl+)
    00001225 66               [ 8] 4417 	ld	h, (hl)
    00001226 6F               [ 4] 4418 	ld	l, a
    00001227 19               [ 8] 4419 	add	hl, de
    00001228 E5               [16] 4420 	push	hl
    00001229 7D               [ 4] 4421 	ld	a, l
    0000122A F8 08            [12] 4422 	ldhl	sp,	#8
    0000122C 77               [ 8] 4423 	ld	(hl), a
    0000122D E1               [12] 4424 	pop	hl
    0000122E 7C               [ 4] 4425 	ld	a, h
    0000122F F8 07            [12] 4426 	ldhl	sp,	#7
    00001231 32               [ 8] 4427 	ld	(hl-), a
    00001232 2A               [ 8] 4428 	ld	a, (hl+)
    00001233 91               [ 4] 4429 	sub	a, c
    00001234 7E               [ 8] 4430 	ld	a, (hl)
    00001235 98               [ 4] 4431 	sbc	a, b
    00001236 38 3E            [12] 4432 	jr	C, 00176$
                                   4433 ;FlyShip.c:285: ++ENEMY.y;
    00001238 FAr18r00         [16] 4434 	ld	a, (#(_ENEMY + 1) + 0)
    0000123B F8 07            [12] 4435 	ldhl	sp,	#7
    0000123D 77               [ 8] 4436 	ld	(hl), a
                                   4437 ;FlyShip.c:318: PLAYER_SHOT.y -= 2;
    0000123E FAr1Cr00         [16] 4438 	ld	a, (#(_PLAYER_SHOT + 1) + 0)
    00001241 F8 06            [12] 4439 	ldhl	sp,	#6
    00001243 77               [ 8] 4440 	ld	(hl), a
                                   4441 ;FlyShip.c:331: (ENEMY.y >= PLAYER_SHOT.y && ENEMY.y <= PLAYER_SHOT.y + PLAYER_SHOT.height) ||
    00001244 F8 07            [12] 4442 	ldhl	sp,	#7
    00001246 3A               [ 8] 4443 	ld	a, (hl-)
    00001247 96               [ 8] 4444 	sub	a, (hl)
    00001248 38 2C            [12] 4445 	jr	C, 00176$
    0000124A 7E               [ 8] 4446 	ld	a, (hl)
    0000124B F8 00            [12] 4447 	ldhl	sp,	#0
    0000124D 22               [ 8] 4448 	ld	(hl+), a
    0000124E 36 00            [12] 4449 	ld	(hl), #0x00
    00001250 21r1Dr00         [12] 4450 	ld	hl, #_PLAYER_SHOT + 2
    00001253 5E               [ 8] 4451 	ld	e, (hl)
    00001254 16 00            [ 8] 4452 	ld	d, #0x00
    00001256 E1               [12] 4453 	pop	hl
    00001257 E5               [16] 4454 	push	hl
    00001258 19               [ 8] 4455 	add	hl, de
    00001259 E5               [16] 4456 	push	hl
    0000125A 7D               [ 4] 4457 	ld	a, l
    0000125B F8 06            [12] 4458 	ldhl	sp,	#6
    0000125D 77               [ 8] 4459 	ld	(hl), a
    0000125E E1               [12] 4460 	pop	hl
    0000125F 7C               [ 4] 4461 	ld	a, h
    00001260 F8 05            [12] 4462 	ldhl	sp,	#5
    00001262 22               [ 8] 4463 	ld	(hl+), a
    00001263 23               [ 8] 4464 	inc	hl
    00001264 3A               [ 8] 4465 	ld	a, (hl-)
    00001265 22               [ 8] 4466 	ld	(hl+), a
    00001266 36 00            [12] 4467 	ld	(hl), #0x00
    00001268 F8 04            [12] 4468 	ldhl	sp,	#4
    0000126A 5D               [ 4] 4469 	ld	e, l
    0000126B 54               [ 4] 4470 	ld	d, h
    0000126C F8 06            [12] 4471 	ldhl	sp,	#6
    0000126E 1A               [ 8] 4472 	ld	a, (de)
    0000126F 13               [ 8] 4473 	inc	de
    00001270 96               [ 8] 4474 	sub	a, (hl)
    00001271 23               [ 8] 4475 	inc	hl
    00001272 1A               [ 8] 4476 	ld	a, (de)
    00001273 9E               [ 8] 4477 	sbc	a, (hl)
    00001274 30 48            [12] 4478 	jr	NC, 00168$
    00001276                       4479 00176$:
                                   4480 ;FlyShip.c:332: (PLAYER_SHOT.x >= ENEMY.x + 3 && PLAYER_SHOT.x <= ENEMY.x + 3 + ENEMY.width) &&
    00001276 F8 02            [12] 4481 	ldhl	sp,	#2
    00001278 2A               [ 8] 4482 	ld	a, (hl+)
    00001279 91               [ 4] 4483 	sub	a, c
    0000127A 7E               [ 8] 4484 	ld	a, (hl)
    0000127B 98               [ 4] 4485 	sbc	a, b
    0000127C 38 68            [12] 4486 	jr	C, 00169$
    0000127E 21r1Ar00         [12] 4487 	ld	hl, #(_ENEMY + 3)
    00001281 6E               [ 8] 4488 	ld	l, (hl)
    00001282 26 00            [ 8] 4489 	ld	h, #0x00
    00001284 09               [ 8] 4490 	add	hl, bc
    00001285 4D               [ 4] 4491 	ld	c, l
    00001286 44               [ 4] 4492 	ld	b, h
    00001287 F8 02            [12] 4493 	ldhl	sp,	#2
    00001289 79               [ 4] 4494 	ld	a, c
    0000128A 96               [ 8] 4495 	sub	a, (hl)
    0000128B 23               [ 8] 4496 	inc	hl
    0000128C 78               [ 4] 4497 	ld	a, b
    0000128D 9E               [ 8] 4498 	sbc	a, (hl)
    0000128E 38 56            [12] 4499 	jr	C, 00169$
                                   4500 ;FlyShip.c:318: PLAYER_SHOT.y -= 2;
    00001290 21r1Cr00         [12] 4501 	ld	hl, #(_PLAYER_SHOT + 1)
    00001293 4E               [ 8] 4502 	ld	c, (hl)
                                   4503 ;FlyShip.c:285: ++ENEMY.y;
    00001294 21r18r00         [12] 4504 	ld	hl, #(_ENEMY + 1)
    00001297 46               [ 8] 4505 	ld	b, (hl)
                                   4506 ;FlyShip.c:333: (PLAYER_SHOT.y >= ENEMY.y && PLAYER_SHOT.y <= ENEMY.y + ENEMY.height))
    00001298 79               [ 4] 4507 	ld	a, c
    00001299 90               [ 4] 4508 	sub	a, b
    0000129A 38 4A            [12] 4509 	jr	C, 00169$
    0000129C F8 04            [12] 4510 	ldhl	sp,	#4
    0000129E 78               [ 4] 4511 	ld	a, b
    0000129F 22               [ 8] 4512 	ld	(hl+), a
    000012A0 36 00            [12] 4513 	ld	(hl), #0x00
    000012A2 FAr19r00         [16] 4514 	ld	a, (#(_ENEMY + 2) + 0)
    000012A5 16 00            [ 8] 4515 	ld	d, #0x00
    000012A7 5F               [ 4] 4516 	ld	e, a
    000012A8 3A               [ 8] 4517 	ld	a, (hl-)
    000012A9 6E               [ 8] 4518 	ld	l, (hl)
    000012AA 67               [ 4] 4519 	ld	h, a
    000012AB 19               [ 8] 4520 	add	hl, de
    000012AC E5               [16] 4521 	push	hl
    000012AD 7D               [ 4] 4522 	ld	a, l
    000012AE F8 08            [12] 4523 	ldhl	sp,	#8
    000012B0 77               [ 8] 4524 	ld	(hl), a
    000012B1 E1               [12] 4525 	pop	hl
    000012B2 7C               [ 4] 4526 	ld	a, h
    000012B3 F8 07            [12] 4527 	ldhl	sp,	#7
    000012B5 32               [ 8] 4528 	ld	(hl-), a
    000012B6 06 00            [ 8] 4529 	ld	b, #0x00
    000012B8 2A               [ 8] 4530 	ld	a, (hl+)
    000012B9 91               [ 4] 4531 	sub	a, c
    000012BA 7E               [ 8] 4532 	ld	a, (hl)
    000012BB 98               [ 4] 4533 	sbc	a, b
    000012BC 38 28            [12] 4534 	jr	C, 00169$
    000012BE                       4535 00168$:
                                   4536 ;FlyShip.c:335: if (had_Shot)
    000012BE 21r11r00         [12] 4537 	ld	hl, #_had_Shot
    000012C1 7E               [ 8] 4538 	ld	a, (hl)
    000012C2 B7               [ 4] 4539 	or	a, a
    000012C3 28 21            [12] 4540 	jr	Z, 00169$
                                   4541 ;FlyShip.c:337: ++SCORE[3];
    000012C5 01r2Ar01         [12] 4542 	ld	bc, #_SCORE+3
    000012C8 0A               [ 8] 4543 	ld	a, (bc)
    000012C9 3C               [ 4] 4544 	inc	a
    000012CA 02               [ 8] 4545 	ld	(bc), a
                                   4546 ;FlyShip.c:338: had_Shot = 0;
    000012CB 36 00            [12] 4547 	ld	(hl), #0x00
                                   4548 ;FlyShip.c:339: ENEMY.y = 200;
    000012CD 21r18r00         [12] 4549 	ld	hl, #(_ENEMY + 1)
    000012D0 36 C8            [12] 4550 	ld	(hl), #0xc8
                                   4551 ;FlyShip.c:340: PLAYER_SHOT.y = 3;
    000012D2 21r1Cr00         [12] 4552 	ld	hl, #(_PLAYER_SHOT + 1)
    000012D5 36 03            [12] 4553 	ld	(hl), #0x03
                                   4554 ;FlyShip.c:341: NR41_REG = 0x00;
    000012D7 AF               [ 4] 4555 	xor	a, a
    000012D8 E0r00            [12] 4556 	ldh	(_NR41_REG + 0), a
                                   4557 ;FlyShip.c:342: NR42_REG = 0xF1;
    000012DA 3E F1            [ 8] 4558 	ld	a, #0xf1
    000012DC E0r00            [12] 4559 	ldh	(_NR42_REG + 0), a
                                   4560 ;FlyShip.c:343: NR43_REG = 0x89;
    000012DE 3E 89            [ 8] 4561 	ld	a, #0x89
    000012E0 E0r00            [12] 4562 	ldh	(_NR43_REG + 0), a
                                   4563 ;FlyShip.c:344: NR44_REG = 0x80;
    000012E2 3E 80            [ 8] 4564 	ld	a, #0x80
    000012E4 E0r00            [12] 4565 	ldh	(_NR44_REG + 0), a
    000012E6                       4566 00169$:
                                   4567 ;FlyShip.c:330: if ((ENEMY.x + 3 >= PLAYER_SHOT.x && ENEMY.x + 3 <= PLAYER_SHOT.x + PLAYER_SHOT.width) &&
    000012E6 21r17r00         [12] 4568 	ld	hl, #_ENEMY
    000012E9 4E               [ 8] 4569 	ld	c, (hl)
    000012EA 06 00            [ 8] 4570 	ld	b, #0x00
    000012EC 03               [ 8] 4571 	inc	bc
    000012ED 03               [ 8] 4572 	inc	bc
    000012EE 03               [ 8] 4573 	inc	bc
    000012EF F8 04            [12] 4574 	ldhl	sp,	#4
    000012F1 79               [ 4] 4575 	ld	a, c
    000012F2 22               [ 8] 4576 	ld	(hl+), a
    000012F3 70               [ 8] 4577 	ld	(hl), b
                                   4578 ;FlyShip.c:347: if ((ENEMY.x + 3 >= PLAYER.x + 3 && ENEMY.x + 3 <= PLAYER.x + 3 + PLAYER.width) &&
    000012F4 21r1Fr00         [12] 4579 	ld	hl, #_PLAYER
    000012F7 4E               [ 8] 4580 	ld	c, (hl)
    000012F8 06 00            [ 8] 4581 	ld	b, #0x00
    000012FA 03               [ 8] 4582 	inc	bc
    000012FB 03               [ 8] 4583 	inc	bc
    000012FC 03               [ 8] 4584 	inc	bc
    000012FD F8 06            [12] 4585 	ldhl	sp,	#6
    000012FF 79               [ 4] 4586 	ld	a, c
    00001300 22               [ 8] 4587 	ld	(hl+), a
    00001301 70               [ 8] 4588 	ld	(hl), b
                                   4589 ;FlyShip.c:348: (ENEMY.y >= PLAYER.y && ENEMY.y <= PLAYER.y + PLAYER.height) ||
                                   4590 ;FlyShip.c:347: if ((ENEMY.x + 3 >= PLAYER.x + 3 && ENEMY.x + 3 <= PLAYER.x + 3 + PLAYER.width) &&
    00001302 F8 04            [12] 4591 	ldhl	sp,	#4
    00001304 5D               [ 4] 4592 	ld	e, l
    00001305 54               [ 4] 4593 	ld	d, h
    00001306 F8 06            [12] 4594 	ldhl	sp,	#6
    00001308 1A               [ 8] 4595 	ld	a, (de)
    00001309 13               [ 8] 4596 	inc	de
    0000130A 96               [ 8] 4597 	sub	a, (hl)
    0000130B 23               [ 8] 4598 	inc	hl
    0000130C 1A               [ 8] 4599 	ld	a, (de)
    0000130D 9E               [ 8] 4600 	sbc	a, (hl)
    0000130E 38 35            [12] 4601 	jr	C, 00186$
    00001310 21r22r00         [12] 4602 	ld	hl, #_PLAYER + 3
    00001313 4E               [ 8] 4603 	ld	c, (hl)
    00001314 06 00            [ 8] 4604 	ld	b, #0x00
    00001316 F8 06            [12] 4605 	ldhl	sp,	#6
    00001318 2A               [ 8] 4606 	ld	a,	(hl+)
    00001319 66               [ 8] 4607 	ld	h, (hl)
    0000131A 6F               [ 4] 4608 	ld	l, a
    0000131B 09               [ 8] 4609 	add	hl, bc
    0000131C 4D               [ 4] 4610 	ld	c, l
    0000131D 44               [ 4] 4611 	ld	b, h
    0000131E F8 04            [12] 4612 	ldhl	sp,	#4
    00001320 79               [ 4] 4613 	ld	a, c
    00001321 96               [ 8] 4614 	sub	a, (hl)
    00001322 23               [ 8] 4615 	inc	hl
    00001323 78               [ 4] 4616 	ld	a, b
    00001324 9E               [ 8] 4617 	sbc	a, (hl)
    00001325 38 1E            [12] 4618 	jr	C, 00186$
                                   4619 ;FlyShip.c:285: ++ENEMY.y;
    00001327 21r18r00         [12] 4620 	ld	hl, #(_ENEMY + 1)
    0000132A 4E               [ 8] 4621 	ld	c, (hl)
                                   4622 ;FlyShip.c:348: (ENEMY.y >= PLAYER.y && ENEMY.y <= PLAYER.y + PLAYER.height) ||
    0000132B 21r20r00         [12] 4623 	ld	hl, #(_PLAYER + 1)
    0000132E 46               [ 8] 4624 	ld	b, (hl)
    0000132F 79               [ 4] 4625 	ld	a, c
    00001330 90               [ 4] 4626 	sub	a, b
    00001331 38 12            [12] 4627 	jr	C, 00186$
    00001333 58               [ 4] 4628 	ld	e, b
    00001334 16 00            [ 8] 4629 	ld	d, #0x00
    00001336 21r21r00         [12] 4630 	ld	hl, #_PLAYER + 2
    00001339 6E               [ 8] 4631 	ld	l, (hl)
    0000133A 26 00            [ 8] 4632 	ld	h, #0x00
    0000133C 19               [ 8] 4633 	add	hl, de
    0000133D 06 00            [ 8] 4634 	ld	b, #0x00
    0000133F 7D               [ 4] 4635 	ld	a, l
    00001340 91               [ 4] 4636 	sub	a, c
    00001341 7C               [ 4] 4637 	ld	a, h
    00001342 98               [ 4] 4638 	sbc	a, b
    00001343 30 45            [12] 4639 	jr	NC, 00178$
    00001345                       4640 00186$:
                                   4641 ;FlyShip.c:349: (PLAYER.x + 3 >= ENEMY.x + 3 && PLAYER.x + 3 <= ENEMY.x + 3 + ENEMY.width) &&
    00001345 F8 06            [12] 4642 	ldhl	sp,	#6
    00001347 5D               [ 4] 4643 	ld	e, l
    00001348 54               [ 4] 4644 	ld	d, h
    00001349 F8 04            [12] 4645 	ldhl	sp,	#4
    0000134B 1A               [ 8] 4646 	ld	a, (de)
    0000134C 13               [ 8] 4647 	inc	de
    0000134D 96               [ 8] 4648 	sub	a, (hl)
    0000134E 23               [ 8] 4649 	inc	hl
    0000134F 1A               [ 8] 4650 	ld	a, (de)
    00001350 9E               [ 8] 4651 	sbc	a, (hl)
    00001351 38 75            [12] 4652 	jr	C, 00179$
    00001353 21r1Ar00         [12] 4653 	ld	hl, #(_ENEMY + 3)
    00001356 4E               [ 8] 4654 	ld	c, (hl)
    00001357 06 00            [ 8] 4655 	ld	b, #0x00
    00001359 F8 04            [12] 4656 	ldhl	sp,	#4
    0000135B 2A               [ 8] 4657 	ld	a,	(hl+)
    0000135C 66               [ 8] 4658 	ld	h, (hl)
    0000135D 6F               [ 4] 4659 	ld	l, a
    0000135E 09               [ 8] 4660 	add	hl, bc
    0000135F 4D               [ 4] 4661 	ld	c, l
    00001360 44               [ 4] 4662 	ld	b, h
    00001361 F8 06            [12] 4663 	ldhl	sp,	#6
    00001363 79               [ 4] 4664 	ld	a, c
    00001364 96               [ 8] 4665 	sub	a, (hl)
    00001365 23               [ 8] 4666 	inc	hl
    00001366 78               [ 4] 4667 	ld	a, b
    00001367 9E               [ 8] 4668 	sbc	a, (hl)
    00001368 38 5E            [12] 4669 	jr	C, 00179$
                                   4670 ;FlyShip.c:350: (PLAYER.y >= ENEMY.y && PLAYER.y <= ENEMY.y + ENEMY.height))
    0000136A 21r20r00         [12] 4671 	ld	hl, #(_PLAYER + 1)
    0000136D 4E               [ 8] 4672 	ld	c, (hl)
                                   4673 ;FlyShip.c:285: ++ENEMY.y;
    0000136E 21r18r00         [12] 4674 	ld	hl, #(_ENEMY + 1)
    00001371 46               [ 8] 4675 	ld	b, (hl)
                                   4676 ;FlyShip.c:350: (PLAYER.y >= ENEMY.y && PLAYER.y <= ENEMY.y + ENEMY.height))
    00001372 79               [ 4] 4677 	ld	a, c
    00001373 90               [ 4] 4678 	sub	a, b
    00001374 38 52            [12] 4679 	jr	C, 00179$
    00001376 78               [ 4] 4680 	ld	a, b
    00001377 06 00            [ 8] 4681 	ld	b, #0x00
    00001379 21r19r00         [12] 4682 	ld	hl, #(_ENEMY + 2)
    0000137C 6E               [ 8] 4683 	ld	l, (hl)
    0000137D 26 00            [ 8] 4684 	ld	h, #0x00
    0000137F 5F               [ 4] 4685 	ld	e, a
    00001380 50               [ 4] 4686 	ld	d, b
    00001381 19               [ 8] 4687 	add	hl, de
    00001382 06 00            [ 8] 4688 	ld	b, #0x00
    00001384 7D               [ 4] 4689 	ld	a, l
    00001385 91               [ 4] 4690 	sub	a, c
    00001386 7C               [ 4] 4691 	ld	a, h
    00001387 98               [ 4] 4692 	sbc	a, b
    00001388 38 3E            [12] 4693 	jr	C, 00179$
    0000138A                       4694 00178$:
                                   4695 ;FlyShip.c:352: for (temp0 = 0; temp0 < 5; ++temp0)
    0000138A AF               [ 4] 4696 	xor	a, a
    0000138B EAr04r00         [16] 4697 	ld	(#_temp0),a
    0000138E 01r27r01         [12] 4698 	ld	bc, #_SCORE+0
    00001391                       4699 00215$:
                                   4700 ;FlyShip.c:354: SCORE[temp0] = 0;
    00001391 79               [ 4] 4701 	ld	a, c
    00001392 21r04r00         [12] 4702 	ld	hl, #_temp0
    00001395 86               [ 8] 4703 	add	a, (hl)
    00001396 5F               [ 4] 4704 	ld	e, a
    00001397 78               [ 4] 4705 	ld	a, b
    00001398 CE 00            [ 8] 4706 	adc	a, #0x00
    0000139A 57               [ 4] 4707 	ld	d, a
    0000139B AF               [ 4] 4708 	xor	a, a
    0000139C 12               [ 8] 4709 	ld	(de), a
                                   4710 ;FlyShip.c:352: for (temp0 = 0; temp0 < 5; ++temp0)
    0000139D 34               [12] 4711 	inc	(hl)
    0000139E 7E               [ 8] 4712 	ld	a, (hl)
    0000139F D6 05            [ 8] 4713 	sub	a, #0x05
    000013A1 38 EE            [12] 4714 	jr	C, 00215$
                                   4715 ;FlyShip.c:356: state = 3;
    000013A3 21r01r00         [12] 4716 	ld	hl, #_state
    000013A6 36 03            [12] 4717 	ld	(hl), #0x03
                                   4718 ;FlyShip.c:357: NR41_REG = 0x00;
    000013A8 AF               [ 4] 4719 	xor	a, a
    000013A9 E0r00            [12] 4720 	ldh	(_NR41_REG + 0), a
                                   4721 ;FlyShip.c:358: NR42_REG = 0xF1;
    000013AB 3E F1            [ 8] 4722 	ld	a, #0xf1
    000013AD E0r00            [12] 4723 	ldh	(_NR42_REG + 0), a
                                   4724 ;FlyShip.c:359: NR43_REG = 0x89;
    000013AF 3E 89            [ 8] 4725 	ld	a, #0x89
    000013B1 E0r00            [12] 4726 	ldh	(_NR43_REG + 0), a
                                   4727 ;FlyShip.c:360: NR44_REG = 0x80;
    000013B3 3E 80            [ 8] 4728 	ld	a, #0x80
    000013B5 E0r00            [12] 4729 	ldh	(_NR44_REG + 0), a
                                   4730 ;FlyShip.c:361: set_win_tiles(10, 0, 10, 1, gameOver);
    000013B7 01r99r02         [12] 4731 	ld	bc, #_gameOver+0
    000013BA C5               [16] 4732 	push	bc
    000013BB 21 0A 01         [12] 4733 	ld	hl, #0x10a
    000013BE E5               [16] 4734 	push	hl
    000013BF 21 0A 00         [12] 4735 	ld	hl, #0x0a
    000013C2 E5               [16] 4736 	push	hl
    000013C3 CDr00r00         [24] 4737 	call	_set_win_tiles
    000013C6 E8 06            [16] 4738 	add	sp, #6
    000013C8                       4739 00179$:
                                   4740 ;FlyShip.c:363: if (state == 3)
    000013C8 FAr01r00         [16] 4741 	ld	a, (#_state)
    000013CB D6 03            [ 8] 4742 	sub	a, #0x03
    000013CD 20 27            [12] 4743 	jr	NZ, 00190$
                                   4744 ;FlyShip.c:365: waitpad(J_A);
    000013CF 3E 10            [ 8] 4745 	ld	a, #0x10
    000013D1 CDr00r00         [24] 4746 	call	_waitpad
                                   4747 ;g:\gbdk\include\gb\gb.h:1461: SCX_REG=x, SCY_REG=y;
    000013D4 AF               [ 4] 4748 	xor	a, a
    000013D5 E0r00            [12] 4749 	ldh	(_SCX_REG + 0), a
    000013D7 AF               [ 4] 4750 	xor	a, a
    000013D8 E0r00            [12] 4751 	ldh	(_SCY_REG + 0), a
                                   4752 ;FlyShip.c:367: draw_title_screen();
    000013DA CDr00r00         [24] 4753 	call	_draw_title_screen
                                   4754 ;FlyShip.c:368: state = 0;
    000013DD AF               [ 4] 4755 	xor	a, a
    000013DE EAr01r00         [16] 4756 	ld	(#_state),a
                                   4757 ;FlyShip.c:369: if (cgb_enable)
    000013E1 FAr03r00         [16] 4758 	ld	a, (#_cgb_enable)
    000013E4 B7               [ 4] 4759 	or	a, a
    000013E5 28 0C            [12] 4760 	jr	Z, 00188$
                                   4761 ;FlyShip.c:370: set_bkg_palette(0, 1, title_pal);
    000013E7 11rE0r02         [12] 4762 	ld	de, #_title_pal
    000013EA D5               [16] 4763 	push	de
    000013EB AF               [ 4] 4764 	xor	a, a
    000013EC 3C               [ 4] 4765 	inc	a
    000013ED F5               [16] 4766 	push	af
    000013EE CDr00r00         [24] 4767 	call	_set_bkg_palette
    000013F1 E8 04            [16] 4768 	add	sp, #4
    000013F3                       4769 00188$:
                                   4770 ;FlyShip.c:371: initGame();
    000013F3 CDrC4r0D         [24] 4771 	call	_initGame
    000013F6                       4772 00190$:
                                   4773 ;FlyShip.c:373: if (state == 4)
    000013F6 FAr01r00         [16] 4774 	ld	a, (#_state)
    000013F9 D6 04            [ 8] 4775 	sub	a, #0x04
    000013FB C2rEAr0E         [16] 4776 	jp	NZ, 00196$
                                   4777 ;FlyShip.c:375: waitpadup();
    000013FE CDr00r00         [24] 4778 	call	_waitpadup
                                   4779 ;FlyShip.c:376: waitpad(J_START);
    00001401 3E 80            [ 8] 4780 	ld	a, #0x80
    00001403 CDr00r00         [24] 4781 	call	_waitpad
                                   4782 ;FlyShip.c:377: waitpadup();
    00001406 CDr00r00         [24] 4783 	call	_waitpadup
                                   4784 ;FlyShip.c:378: NR21_REG = 0x85;
    00001409 3E 85            [ 8] 4785 	ld	a, #0x85
    0000140B E0r00            [12] 4786 	ldh	(_NR21_REG + 0), a
                                   4787 ;FlyShip.c:379: NR22_REG = 0x84;
    0000140D 3E 84            [ 8] 4788 	ld	a, #0x84
    0000140F E0r00            [12] 4789 	ldh	(_NR22_REG + 0), a
                                   4790 ;FlyShip.c:380: NR23_REG = 0x96;
    00001411 3E 96            [ 8] 4791 	ld	a, #0x96
    00001413 E0r00            [12] 4792 	ldh	(_NR23_REG + 0), a
                                   4793 ;FlyShip.c:381: NR24_REG = 0x85;
    00001415 3E 85            [ 8] 4794 	ld	a, #0x85
    00001417 E0r00            [12] 4795 	ldh	(_NR24_REG + 0), a
                                   4796 ;FlyShip.c:382: set_win_tiles(12, 0, 5, 1, empty0);
    00001419 11r54r02         [12] 4797 	ld	de, #_empty0
    0000141C D5               [16] 4798 	push	de
    0000141D 21 05 01         [12] 4799 	ld	hl, #0x105
    00001420 E5               [16] 4800 	push	hl
    00001421 21 0C 00         [12] 4801 	ld	hl, #0x0c
    00001424 E5               [16] 4802 	push	hl
    00001425 CDr00r00         [24] 4803 	call	_set_win_tiles
    00001428 E8 06            [16] 4804 	add	sp, #6
                                   4805 ;FlyShip.c:383: state = 2;
    0000142A 21r01r00         [12] 4806 	ld	hl, #_state
    0000142D 36 02            [12] 4807 	ld	(hl), #0x02
    0000142F C3rEAr0E         [16] 4808 	jp	00196$
                                   4809 ;FlyShip.c:387: }
    00001432 E8 08            [16] 4810 	add	sp, #8
    00001434 C9               [16] 4811 	ret
                                   4812 	.area _CODE
                                   4813 	.area _INITIALIZER
    00000000                       4814 __xinit__Sprites:
    00000000 00                    4815 	.db #0x00	; 0
    00000001 01                    4816 	.db #0x01	; 1
    00000002 01                    4817 	.db #0x01	; 1
    00000003 02                    4818 	.db #0x02	; 2
    00000004 03                    4819 	.db #0x03	; 3
    00000005 04                    4820 	.db #0x04	; 4
    00000006 02                    4821 	.db #0x02	; 2
    00000007 05                    4822 	.db #0x05	; 5
    00000008 02                    4823 	.db #0x02	; 2
    00000009 07                    4824 	.db #0x07	; 7
    0000000A 02                    4825 	.db #0x02	; 2
    0000000B 05                    4826 	.db #0x05	; 5
    0000000C 04                    4827 	.db #0x04	; 4
    0000000D 0B                    4828 	.db #0x0b	; 11
    0000000E 0D                    4829 	.db #0x0d	; 13
    0000000F 16                    4830 	.db #0x16	; 22
    00000010 08                    4831 	.db #0x08	; 8
    00000011 1F                    4832 	.db #0x1f	; 31
    00000012 0B                    4833 	.db #0x0b	; 11
    00000013 15                    4834 	.db #0x15	; 21
    00000014 17                    4835 	.db #0x17	; 23
    00000015 2B                    4836 	.db #0x2b	; 43
    00000016 37                    4837 	.db #0x37	; 55	'7'
    00000017 5B                    4838 	.db #0x5b	; 91
    00000018 7B                    4839 	.db #0x7b	; 123
    00000019 9F                    4840 	.db #0x9f	; 159
    0000001A 01                    4841 	.db #0x01	; 1
    0000001B 7F                    4842 	.db #0x7f	; 127
    0000001C 02                    4843 	.db #0x02	; 2
    0000001D 05                    4844 	.db #0x05	; 5
    0000001E 00                    4845 	.db #0x00	; 0
    0000001F 03                    4846 	.db #0x03	; 3
    00000020 00                    4847 	.db #0x00	; 0
    00000021 80                    4848 	.db #0x80	; 128
    00000022 80                    4849 	.db #0x80	; 128
    00000023 40                    4850 	.db #0x40	; 64
    00000024 C0                    4851 	.db #0xc0	; 192
    00000025 20                    4852 	.db #0x20	; 32
    00000026 40                    4853 	.db #0x40	; 64
    00000027 A0                    4854 	.db #0xa0	; 160
    00000028 40                    4855 	.db #0x40	; 64
    00000029 E0                    4856 	.db #0xe0	; 224
    0000002A 40                    4857 	.db #0x40	; 64
    0000002B A0                    4858 	.db #0xa0	; 160
    0000002C 20                    4859 	.db #0x20	; 32
    0000002D D0                    4860 	.db #0xd0	; 208
    0000002E B0                    4861 	.db #0xb0	; 176
    0000002F 68                    4862 	.db #0x68	; 104	'h'
    00000030 10                    4863 	.db #0x10	; 16
    00000031 F8                    4864 	.db #0xf8	; 248
    00000032 D0                    4865 	.db #0xd0	; 208
    00000033 A8                    4866 	.db #0xa8	; 168
    00000034 E8                    4867 	.db #0xe8	; 232
    00000035 D4                    4868 	.db #0xd4	; 212
    00000036 EC                    4869 	.db #0xec	; 236
    00000037 DA                    4870 	.db #0xda	; 218
    00000038 DE                    4871 	.db #0xde	; 222
    00000039 F9                    4872 	.db #0xf9	; 249
    0000003A 80                    4873 	.db #0x80	; 128
    0000003B FE                    4874 	.db #0xfe	; 254
    0000003C 40                    4875 	.db #0x40	; 64
    0000003D A0                    4876 	.db #0xa0	; 160
    0000003E 00                    4877 	.db #0x00	; 0
    0000003F C0                    4878 	.db #0xc0	; 192
    00000040 3F                    4879 	.db #0x3f	; 63
    00000041 00                    4880 	.db #0x00	; 0
    00000042 27                    4881 	.db #0x27	; 39
    00000043 1F                    4882 	.db #0x1f	; 31
    00000044 23                    4883 	.db #0x23	; 35
    00000045 1F                    4884 	.db #0x1f	; 31
    00000046 21                    4885 	.db #0x21	; 33
    00000047 1F                    4886 	.db #0x1f	; 31
    00000048 11                    4887 	.db #0x11	; 17
    00000049 0F                    4888 	.db #0x0f	; 15
    0000004A 10                    4889 	.db #0x10	; 16
    0000004B 0F                    4890 	.db #0x0f	; 15
    0000004C 08                    4891 	.db #0x08	; 8
    0000004D 07                    4892 	.db #0x07	; 7
    0000004E 08                    4893 	.db #0x08	; 8
    0000004F 07                    4894 	.db #0x07	; 7
    00000050 08                    4895 	.db #0x08	; 8
    00000051 07                    4896 	.db #0x07	; 7
    00000052 04                    4897 	.db #0x04	; 4
    00000053 03                    4898 	.db #0x03	; 3
    00000054 02                    4899 	.db #0x02	; 2
    00000055 01                    4900 	.db #0x01	; 1
    00000056 02                    4901 	.db #0x02	; 2
    00000057 01                    4902 	.db #0x01	; 1
    00000058 01                    4903 	.db #0x01	; 1
    00000059 00                    4904 	.db #0x00	; 0
    0000005A 01                    4905 	.db #0x01	; 1
    0000005B 00                    4906 	.db #0x00	; 0
    0000005C 01                    4907 	.db #0x01	; 1
    0000005D 00                    4908 	.db #0x00	; 0
    0000005E 01                    4909 	.db #0x01	; 1
    0000005F 00                    4910 	.db #0x00	; 0
    00000060 FC                    4911 	.db #0xfc	; 252
    00000061 00                    4912 	.db #0x00	; 0
    00000062 E4                    4913 	.db #0xe4	; 228
    00000063 F8                    4914 	.db #0xf8	; 248
    00000064 C4                    4915 	.db #0xc4	; 196
    00000065 F8                    4916 	.db #0xf8	; 248
    00000066 84                    4917 	.db #0x84	; 132
    00000067 F8                    4918 	.db #0xf8	; 248
    00000068 88                    4919 	.db #0x88	; 136
    00000069 F0                    4920 	.db #0xf0	; 240
    0000006A 08                    4921 	.db #0x08	; 8
    0000006B F0                    4922 	.db #0xf0	; 240
    0000006C 10                    4923 	.db #0x10	; 16
    0000006D E0                    4924 	.db #0xe0	; 224
    0000006E 10                    4925 	.db #0x10	; 16
    0000006F E0                    4926 	.db #0xe0	; 224
    00000070 10                    4927 	.db #0x10	; 16
    00000071 E0                    4928 	.db #0xe0	; 224
    00000072 20                    4929 	.db #0x20	; 32
    00000073 C0                    4930 	.db #0xc0	; 192
    00000074 40                    4931 	.db #0x40	; 64
    00000075 80                    4932 	.db #0x80	; 128
    00000076 40                    4933 	.db #0x40	; 64
    00000077 80                    4934 	.db #0x80	; 128
    00000078 80                    4935 	.db #0x80	; 128
    00000079 00                    4936 	.db #0x00	; 0
    0000007A 80                    4937 	.db #0x80	; 128
    0000007B 00                    4938 	.db #0x00	; 0
    0000007C 80                    4939 	.db #0x80	; 128
    0000007D 00                    4940 	.db #0x00	; 0
    0000007E 80                    4941 	.db #0x80	; 128
    0000007F 00                    4942 	.db #0x00	; 0
    00000080 0F                    4943 	.db #0x0f	; 15
    00000081 00                    4944 	.db #0x00	; 0
    00000082 37                    4945 	.db #0x37	; 55	'7'
    00000083 0F                    4946 	.db #0x0f	; 15
    00000084 5F                    4947 	.db #0x5f	; 95
    00000085 3F                    4948 	.db #0x3f	; 63
    00000086 4F                    4949 	.db #0x4f	; 79	'O'
    00000087 3F                    4950 	.db #0x3f	; 63
    00000088 23                    4951 	.db #0x23	; 35
    00000089 1F                    4952 	.db #0x1f	; 31
    0000008A 21                    4953 	.db #0x21	; 33
    0000008B 1F                    4954 	.db #0x1f	; 31
    0000008C 30                    4955 	.db #0x30	; 48	'0'
    0000008D 0F                    4956 	.db #0x0f	; 15
    0000008E 10                    4957 	.db #0x10	; 16
    0000008F 0F                    4958 	.db #0x0f	; 15
    00000090 18                    4959 	.db #0x18	; 24
    00000091 07                    4960 	.db #0x07	; 7
    00000092 08                    4961 	.db #0x08	; 8
    00000093 07                    4962 	.db #0x07	; 7
    00000094 04                    4963 	.db #0x04	; 4
    00000095 03                    4964 	.db #0x03	; 3
    00000096 06                    4965 	.db #0x06	; 6
    00000097 01                    4966 	.db #0x01	; 1
    00000098 02                    4967 	.db #0x02	; 2
    00000099 01                    4968 	.db #0x01	; 1
    0000009A 02                    4969 	.db #0x02	; 2
    0000009B 01                    4970 	.db #0x01	; 1
    0000009C 01                    4971 	.db #0x01	; 1
    0000009D 00                    4972 	.db #0x00	; 0
    0000009E 01                    4973 	.db #0x01	; 1
    0000009F 00                    4974 	.db #0x00	; 0
    000000A0 F0                    4975 	.db #0xf0	; 240
    000000A1 00                    4976 	.db #0x00	; 0
    000000A2 EC                    4977 	.db #0xec	; 236
    000000A3 F0                    4978 	.db #0xf0	; 240
    000000A4 FA                    4979 	.db #0xfa	; 250
    000000A5 FC                    4980 	.db #0xfc	; 252
    000000A6 F2                    4981 	.db #0xf2	; 242
    000000A7 FC                    4982 	.db #0xfc	; 252
    000000A8 C4                    4983 	.db #0xc4	; 196
    000000A9 F8                    4984 	.db #0xf8	; 248
    000000AA 84                    4985 	.db #0x84	; 132
    000000AB F8                    4986 	.db #0xf8	; 248
    000000AC 0C                    4987 	.db #0x0c	; 12
    000000AD F0                    4988 	.db #0xf0	; 240
    000000AE 08                    4989 	.db #0x08	; 8
    000000AF F0                    4990 	.db #0xf0	; 240
    000000B0 18                    4991 	.db #0x18	; 24
    000000B1 E0                    4992 	.db #0xe0	; 224
    000000B2 10                    4993 	.db #0x10	; 16
    000000B3 E0                    4994 	.db #0xe0	; 224
    000000B4 20                    4995 	.db #0x20	; 32
    000000B5 C0                    4996 	.db #0xc0	; 192
    000000B6 60                    4997 	.db #0x60	; 96
    000000B7 80                    4998 	.db #0x80	; 128
    000000B8 40                    4999 	.db #0x40	; 64
    000000B9 80                    5000 	.db #0x80	; 128
    000000BA 40                    5001 	.db #0x40	; 64
    000000BB 80                    5002 	.db #0x80	; 128
    000000BC 80                    5003 	.db #0x80	; 128
    000000BD 00                    5004 	.db #0x00	; 0
    000000BE 80                    5005 	.db #0x80	; 128
    000000BF 00                    5006 	.db #0x00	; 0
    000000C0 18                    5007 	.db #0x18	; 24
    000000C1 18                    5008 	.db #0x18	; 24
    000000C2 18                    5009 	.db #0x18	; 24
    000000C3 18                    5010 	.db #0x18	; 24
    000000C4 18                    5011 	.db #0x18	; 24
    000000C5 18                    5012 	.db #0x18	; 24
    000000C6 18                    5013 	.db #0x18	; 24
    000000C7 18                    5014 	.db #0x18	; 24
    000000C8 18                    5015 	.db #0x18	; 24
    000000C9 18                    5016 	.db #0x18	; 24
    000000CA 18                    5017 	.db #0x18	; 24
    000000CB 3C                    5018 	.db #0x3c	; 60
    000000CC 5A                    5019 	.db #0x5a	; 90	'Z'
    000000CD 3C                    5020 	.db #0x3c	; 60
    000000CE 5A                    5021 	.db #0x5a	; 90	'Z'
    000000CF 3C                    5022 	.db #0x3c	; 60
    000000D0 7E                    5023 	.db #0x7e	; 126
    000000D1 3C                    5024 	.db #0x3c	; 60
    000000D2 7E                    5025 	.db #0x7e	; 126
    000000D3 3C                    5026 	.db #0x3c	; 60
    000000D4 00                    5027 	.db #0x00	; 0
    000000D5 00                    5028 	.db #0x00	; 0
    000000D6 00                    5029 	.db #0x00	; 0
    000000D7 00                    5030 	.db #0x00	; 0
    000000D8 00                    5031 	.db #0x00	; 0
    000000D9 00                    5032 	.db #0x00	; 0
    000000DA 00                    5033 	.db #0x00	; 0
    000000DB 00                    5034 	.db #0x00	; 0
    000000DC 00                    5035 	.db #0x00	; 0
    000000DD 00                    5036 	.db #0x00	; 0
    000000DE 00                    5037 	.db #0x00	; 0
    000000DF 00                    5038 	.db #0x00	; 0
    000000E0 00                    5039 	.db #0x00	; 0
    000000E1 03                    5040 	.db #0x03	; 3
    000000E2 02                    5041 	.db #0x02	; 2
    000000E3 05                    5042 	.db #0x05	; 5
    000000E4 01                    5043 	.db #0x01	; 1
    000000E5 7F                    5044 	.db #0x7f	; 127
    000000E6 7B                    5045 	.db #0x7b	; 123
    000000E7 E7                    5046 	.db #0xe7	; 231
    000000E8 37                    5047 	.db #0x37	; 55	'7'
    000000E9 6B                    5048 	.db #0x6b	; 107	'k'
    000000EA 17                    5049 	.db #0x17	; 23
    000000EB 2B                    5050 	.db #0x2b	; 43
    000000EC 0B                    5051 	.db #0x0b	; 11
    000000ED 15                    5052 	.db #0x15	; 21
    000000EE 08                    5053 	.db #0x08	; 8
    000000EF 17                    5054 	.db #0x17	; 23
    000000F0 0D                    5055 	.db #0x0d	; 13
    000000F1 1A                    5056 	.db #0x1a	; 26
    000000F2 04                    5057 	.db #0x04	; 4
    000000F3 0F                    5058 	.db #0x0f	; 15
    000000F4 02                    5059 	.db #0x02	; 2
    000000F5 07                    5060 	.db #0x07	; 7
    000000F6 02                    5061 	.db #0x02	; 2
    000000F7 05                    5062 	.db #0x05	; 5
    000000F8 02                    5063 	.db #0x02	; 2
    000000F9 07                    5064 	.db #0x07	; 7
    000000FA 03                    5065 	.db #0x03	; 3
    000000FB 07                    5066 	.db #0x07	; 7
    000000FC 01                    5067 	.db #0x01	; 1
    000000FD 03                    5068 	.db #0x03	; 3
    000000FE 00                    5069 	.db #0x00	; 0
    000000FF 01                    5070 	.db #0x01	; 1
    00000100 00                    5071 	.db #0x00	; 0
    00000101 C0                    5072 	.db #0xc0	; 192
    00000102 40                    5073 	.db #0x40	; 64
    00000103 A0                    5074 	.db #0xa0	; 160
    00000104 80                    5075 	.db #0x80	; 128
    00000105 FE                    5076 	.db #0xfe	; 254
    00000106 DE                    5077 	.db #0xde	; 222
    00000107 E7                    5078 	.db #0xe7	; 231
    00000108 EC                    5079 	.db #0xec	; 236
    00000109 D6                    5080 	.db #0xd6	; 214
    0000010A E8                    5081 	.db #0xe8	; 232
    0000010B D4                    5082 	.db #0xd4	; 212
    0000010C D0                    5083 	.db #0xd0	; 208
    0000010D A8                    5084 	.db #0xa8	; 168
    0000010E 10                    5085 	.db #0x10	; 16
    0000010F E8                    5086 	.db #0xe8	; 232
    00000110 B0                    5087 	.db #0xb0	; 176
    00000111 58                    5088 	.db #0x58	; 88	'X'
    00000112 20                    5089 	.db #0x20	; 32
    00000113 F0                    5090 	.db #0xf0	; 240
    00000114 40                    5091 	.db #0x40	; 64
    00000115 E0                    5092 	.db #0xe0	; 224
    00000116 40                    5093 	.db #0x40	; 64
    00000117 A0                    5094 	.db #0xa0	; 160
    00000118 40                    5095 	.db #0x40	; 64
    00000119 E0                    5096 	.db #0xe0	; 224
    0000011A C0                    5097 	.db #0xc0	; 192
    0000011B E0                    5098 	.db #0xe0	; 224
    0000011C 80                    5099 	.db #0x80	; 128
    0000011D C0                    5100 	.db #0xc0	; 192
    0000011E 00                    5101 	.db #0x00	; 0
    0000011F 80                    5102 	.db #0x80	; 128
    00000120                       5103 __xinit__stars:
    00000120rB0r02                 5104 	.dw _star1
    00000122rC0r02                 5105 	.dw _star2
    00000124rD0r02                 5106 	.dw _star3
    00000126                       5107 __xinit__PLAYER_X:
    00000126 4D                    5108 	.db #0x4d	; 77	'M'
    00000127                       5109 __xinit__SCORE:
    00000127 00                    5110 	.db #0x00	; 0
    00000128 00                    5111 	.db #0x00	; 0
    00000129 00                    5112 	.db #0x00	; 0
    0000012A 00                    5113 	.db #0x00	; 0
    0000012B 00                    5114 	.db #0x00	; 0
    0000012C                       5115 __xinit__SCORE_TILE:
    0000012C 00                    5116 	.db #0x00	; 0
    0000012D 00                    5117 	.db #0x00	; 0
    0000012E 00                    5118 	.db #0x00	; 0
    0000012F 00                    5119 	.db #0x00	; 0
    00000130 00                    5120 	.db #0x00	; 0
                                   5121 	.area _CABS (ABS)
